14.949193987724998,10.370439497056047,0.9430253339500242,-3.762189892833161e-18,0.0
15.007926380041011,10.45137084811313,0.943025304405021,-5.909184533724045e-07,0.1
15.066658777562902,10.532302196283485,0.9430252157700127,-1.1818368683798203e-06,0.2
15.125391185496547,10.613233538680376,0.9430250680450031,-1.7727552066646955e-06,0.30000000000000004
15.18412360904782,10.694164872417073,0.9430248612299986,-2.3636734298655406e-06,0.4
15.242856053422603,10.775096194606846,0.9430245953250082,-2.954591499620606e-06,0.5
15.30158852382677,10.856027502362963,0.9430242703300432,-3.545509377567792e-06,0.6000000000000001
15.360321025466199,10.936958792798691,0.9430238862451179,-4.1364270253445594e-06,0.7000000000000001
15.419053563546765,11.017890063027304,0.943023443070249,-4.727344404587852e-06,0.8
15.477786143274349,11.098821310162066,0.9430229408054553,-5.318261476933995e-06,0.9
15.536518769854823,11.179752531316247,0.943022379450759,-5.909178204018619e-06,1.0
15.595251448494068,11.260683723603117,0.943021759006184,-6.500094547476571e-06,1.1
15.653984184397958,11.341614884135945,0.9430210794717574,-7.091010468941818e-06,1.2000000000000002
15.712716982772372,11.422546010027995,0.9430203408475085,-7.681925930047374e-06,1.3
15.771449848823185,11.503477098392544,0.9430195431334694,-8.272840892425198e-06,1.4000000000000001
15.830182787756275,11.584408146342854,0.9430186863296743,-8.86375531770612e-06,1.5
15.888915804777518,11.665339150992198,0.9430177704361606,-9.454669167519747e-06,1.6
15.947648905092795,11.746270109453842,0.9430167954529679,-1.0045582403494375e-05,1.7000000000000002
16.006382093907977,11.827201018841059,0.9430157613801384,-1.06364949872569e-05,1.8
16.065115376428945,11.908131876267111,0.9430146682177167,-1.1227406880432735e-05,1.9000000000000001
16.123848757861573,11.989062678845274,0.9430135159657502,-1.1818318044645732e-05,2.0
16.18258224341174,12.069993423688812,0.943012304624289,-1.2409228441518065e-05,2.1
16.241315838285324,12.150924107910996,0.9430110341933853,-1.300013803267018e-05,2.2
16.3000495476882,12.231854728625095,0.9430097046730941,-1.3591046779720675e-05,2.3000000000000003
16.358783376826246,12.312785282944375,0.9430083160634728,-1.4181954644286238e-05,2.4000000000000004
16.417517330905337,12.393715767982108,0.9430068683645818,-1.4772861587981538e-05,2.5
16.476251415131347,12.474646180851561,0.9430053615764838,-1.536376757241917e-05,2.6
16.534985634710164,12.555576518666005,0.9430037956992436,-1.5954672559209514e-05,2.7
16.593719994847657,12.636506778538706,0.9430021707329295,-1.6545576509960713e-05,2.8000000000000003
16.6524545007497,12.717436957582935,0.9430004866776116,-1.7136479386278524e-05,2.9000000000000004
16.711189157622176,12.79836705291196,0.9429987435333628,-1.7727381149766284e-05,3.0
16.76992397067096,12.879297061639049,0.9429969413002586,-1.8318281762024783e-05,3.1
16.828658945101928,12.960226980877472,0.9429950799783771,-1.89091811846522e-05,3.2
16.887394086120956,13.041156807740498,0.9429931595677986,-1.9500079379243995e-05,3.3000000000000003
16.946129398933927,13.122086539341396,0.9429911800686067,-2.009097630739285e-05,3.4000000000000004
17.00486488874671,13.203016172793433,0.9429891414808866,-2.0681871930688554e-05,3.5
17.063600560765188,13.283945705209877,0.9429870438047271,-2.127276621071794e-05,3.6
17.122336420195232,13.364875133704004,0.9429848870402185,-2.1863659109064782e-05,3.7
17.18107247224272,13.445804455389073,0.9429826711874547,-2.245455058730969e-05,3.8000000000000003
17.23980872211354,13.52673366737836,0.9429803962465314,-2.3045440607030082e-05,3.9000000000000004
17.298545175013555,13.607662766785129,0.942978062217547,-2.3636329129800022e-05,4.0
17.357281836148644,13.688591750722654,0.9429756691006027,-2.4227216117190204e-05,4.1000000000000005
17.416018710724693,13.769520616304199,0.9429732168958022,-2.481810153076779e-05,4.2
17.47475580394757,13.850449360643035,0.9429707056032516,-2.5408985332096396e-05,4.3
17.533493121023156,13.931377980852432,0.9429681352230596,-2.599986748273597e-05,4.4
17.592230667157324,14.012306474045657,0.9429655057553377,-2.659074794424269e-05,4.5
17.650968447555957,14.093234837335979,0.9429628172001997,-2.71816266781689e-05,4.6000000000000005
17.709706467424926,14.174163067836666,0.942960069557762,-2.777250364606302e-05,4.7
17.76844473197011,14.255091162660989,0.9429572628281438,-2.836337880946945e-05,4.800000000000001
17.827183246397386,14.336019118922216,0.9429543970114665,-2.8954252129928468e-05,4.9
17.885922015912637,14.416946933733616,0.9429514721078542,-2.954512356897622e-05,5.0
17.944661045721727,14.497874604208455,0.9429484881174339,-3.013599308814452e-05,5.1000000000000005
18.003400341030545,14.578802127460007,0.9429454450403345,-3.0726860648960834e-05,5.2
18.06213990704496,14.659729500601538,0.9429423428766882,-3.131772621294818e-05,5.300000000000001
18.120879748970857,14.740656720746316,0.9429391816266292,-3.1908589741625035e-05,5.4
18.179619872014104,14.821583785007608,0.9429359612902942,-3.249945119650524e-05,5.5
18.23836028138058,14.90251069049869,0.9429326818678233,-3.3090310539097966e-05,5.6000000000000005
18.29710098227617,14.983437434332822,0.9429293433593582,-3.368116773090753e-05,5.7
18.35584197990674,15.064364013623283,0.9429259457650437,-3.4272022733433395e-05,5.800000000000001
18.414583279478173,15.145290425483331,0.9429224890850271,-3.486287550816999e-05,5.9
18.47332488619634,15.226216667026245,0.942918973319458,-3.545372601660679e-05,6.0
18.53206680526713,15.307142735365282,0.9429153984684889,-3.604457422022804e-05,6.1000000000000005
18.59080904189641,15.388068627613723,0.9429117645322749,-3.6635420080512765e-05,6.2
18.649551601290057,15.468994340884828,0.9429080715109731,-3.722626355893467e-05,6.300000000000001
18.70829448865395,15.549919872291873,0.942904319404744,-3.781710461696204e-05,6.4
18.76703770919397,15.630845218948119,0.9429005082137499,-3.840794321605769e-05,6.5
18.82578126811599,15.711770377966843,0.9428966379381564,-3.899877931767881e-05,6.6000000000000005
18.884525170625885,15.792695346461306,0.9428927085781309,-3.958961288327698e-05,6.7
18.943269421929532,15.873620121544782,0.9428887201338437,-4.018044387429794e-05,6.800000000000001
19.002014027232818,15.954544700330537,0.9428846726054682,-4.077127225218164e-05,6.9
19.060758991741604,16.035469079931843,0.9428805659931795,-4.1362097978362085e-05,7.0
19.119504320661775,16.116393257461965,0.9428764002971558,-4.1952921014267254e-05,7.1000000000000005
19.178250019199215,16.197317230034173,0.9428721755175777,-4.254374132131899e-05,7.2
19.236996092559785,16.27824099476174,0.9428678916546285,-4.3134558860933006e-05,7.300000000000001
19.295742545949373,16.359164548757935,0.9428635487084939,-4.3725373594518696e-05,7.4
19.354489384573856,16.440087889136016,0.9428591466793622,-4.431618548347904e-05,7.5
19.413236613639107,16.52101101300926,0.9428546855674244,-4.4906994489210674e-05,7.6000000000000005
19.471984238351006,16.60193391749094,0.942850165372874,-4.549780057310356e-05,7.7
19.530732263915425,16.68285659969432,0.9428455860959071,-4.6088603696541125e-05,7.800000000000001
19.589480695538246,16.76377905673266,0.9428409477367222,-4.6679403820900037e-05,7.9
19.648229538425344,16.844701285719243,0.9428362502955209,-4.727020090755017e-05,8.0
19.706978797782597,16.925623283767333,0.9428314937725065,-4.7860994917854495e-05,8.1
19.765728478815877,17.006545047990198,0.9428266781678858,-4.8451785813169026e-05,8.200000000000001
19.824478586731068,17.087466575501104,0.9428218034818676,-4.9042573554842694e-05,8.3
19.883229126734044,17.168387863413322,0.9428168697146634,-4.963335810421726e-05,8.4
19.941980104030684,17.249308908840128,0.9428118768664874,-5.0224139422627285e-05,8.5
20.000731523826857,17.330229708894777,0.9428068249375561,-5.081491747139996e-05,8.6
20.059483391328452,17.41115026069055,0.9428017139280889,-5.1405692211855123e-05,8.700000000000001
20.118235711741335,17.49207056134071,0.9427965438383077,-5.1996463605305026e-05,8.8
20.176988490271388,17.57299060795853,0.9427913146684368,-5.258723161305439e-05,8.9
20.235741732124488,17.65391039765727,0.9427860264187033,-5.317799619640026e-05,9.0
20.29449544250651,17.73482992755021,0.9427806790893368,-5.376875731663191e-05,9.1
20.353249626623334,17.81574919475061,0.9427752726805694,-5.4359514935030745e-05,9.200000000000001
20.412004289680834,17.896668196371742,0.9427698071926359,-5.495026901287022e-05,9.3
20.47075943688489,17.977586929526876,0.9427642826257736,-5.5541019511415835e-05,9.4
20.529515073441377,18.05850539132928,0.9427586989802226,-5.613176639192495e-05,9.5
20.588271204556168,18.139423578892224,0.942753056256225,-5.672250961564667e-05,9.600000000000001
20.647027835435146,18.22034148932897,0.9427473544540261,-5.731324914382186e-05,9.700000000000001
20.705784971284185,18.3012591197528,0.9427415935738738,-5.790398493768306e-05,9.8
20.764542617309164,18.382176467276974,0.942735773616018,-5.849471695845429e-05,9.9
20.82330077871596,18.463093529014756,0.9427298945807117,-5.9085445167351e-05,10.0
20.882059460710447,18.544010302079425,0.9427239564682103,-5.967616952558011e-05,10.100000000000001
20.94081866849851,18.624926783584247,0.9427179592787719,-6.026688999433968e-05,10.200000000000001
20.99957840728601,18.70584297064249,0.9427119030126568,-6.0857606534819125e-05,10.3
21.058338682278833,18.786758860367417,0.9427057876701286,-6.144831910819877e-05,10.4
21.117099498682858,18.867674449872304,0.9426996132514527,-6.203902767565018e-05,10.5
21.175860861703963,18.94858973627042,0.9426933797568978,-6.262973219833567e-05,10.600000000000001
21.234622776548022,19.029504716675035,0.9426870871867347,-6.322043263740852e-05,10.700000000000001
21.29338524842091,19.110419388199407,0.9426807355412368,-6.381112895401271e-05,10.8
21.352148282528507,19.191333747956815,0.9426743248206805,-6.440182110928283e-05,10.9
21.41091188407669,19.272247793060526,0.9426678550253444,-6.499250906434424e-05,11.0
21.469676058271332,19.353161520623814,0.9426613261555098,-6.558319278031264e-05,11.100000000000001
21.528440810318315,19.434074927759934,0.9426547382114607,-6.617387221829419e-05,11.200000000000001
21.58720614542351,19.514988011582165,0.9426480911934835,-6.676454733938536e-05,11.3
21.6459720687928,19.595900769203773,0.9426413851018673,-6.735521810467283e-05,11.4
21.704738585632064,19.67681319773803,0.942634619936904,-6.794588447523353e-05,11.5
21.76350570114717,19.757725294298204,0.9426277956988877,-6.853654641213437e-05,11.600000000000001
21.822273420544,19.838637055997555,0.9426209123881153,-6.912720387643227e-05,11.700000000000001
21.88104174902843,19.919548479949363,0.9426139700048863,-6.971785682917399e-05,11.8
21.939810691806336,20.000459563266894,0.942606968549503,-7.030850523139615e-05,11.9
21.9985802540836,20.081370303063416,0.9425999080222697,-7.089914904412509e-05,12.0
22.057350441066088,20.162280696452196,0.9425927884234939,-7.148978822837674e-05,12.100000000000001
22.116121257959694,20.243190740546503,0.9425856097534856,-7.208042274515656e-05,12.200000000000001
22.174892709970276,20.32410043245961,0.9425783720125569,-7.267105255545955e-05,12.3
22.233664802303725,20.40500976930478,0.9425710752010233,-7.326167762026992e-05,12.4
22.29243754016591,20.485918748195285,0.9425637193192022,-7.385229790056138e-05,12.5
22.35121092876271,20.566827366244393,0.9425563043674141,-7.444291335729666e-05,12.600000000000001
22.409984973300006,20.647735620565378,0.9425488303459818,-7.503352395142765e-05,12.700000000000001
22.46875967898367,20.728643508271503,0.9425412972552308,-7.562412964389534e-05,12.8
22.52753505101958,20.809551026476033,0.9425337050954892,-7.621473039562946e-05,12.9
22.58631109461361,20.89045817229224,0.9425260538670877,-7.680532616754883e-05,13.0
22.64508781497165,20.971364942833404,0.9425183435703595,-7.739591692056085e-05,13.100000000000001
22.70386521729956,21.052271335212783,0.9425105742056407,-7.798650261556167e-05,13.200000000000001
22.762643306803227,21.133177346543643,0.9425027457732699,-7.857708321343601e-05,13.3
22.82142208868852,21.214082973939256,0.9424948582735878,-7.916765867505713e-05,13.4
22.880201568161326,21.294988214512895,0.9424869117069387,-7.975822896128661e-05,13.5
22.938981750427512,21.37589306537783,0.9424789060736687,-8.034879403297447e-05,13.600000000000001
22.997762640692965,21.45679752364732,0.9424708413741266,-8.093935385095894e-05,13.700000000000001
23.056544244163558,21.53770158643464,0.9424627176086644,-8.152990837606631e-05,13.8
23.115326566045162,21.618605250853058,0.942454534777636,-8.212045756911107e-05,13.9
23.174109611543663,21.699508514015843,0.942446292881398,-8.271100139089559e-05,14.0
23.23289338586493,21.78041137303627,0.9424379919203103,-8.330153980221025e-05,14.100000000000001
23.291677894214843,21.861313825027594,0.9424296318947348,-8.38920727638331e-05,14.200000000000001
23.35046314179928,21.942215867103094,0.9424212128050359,-8.448260023652998e-05,14.3
23.40924913382412,22.023117496376038,0.9424127346515812,-8.507312218105435e-05,14.4
23.468035875495232,22.104018709959696,0.9424041974347404,-8.566363855814731e-05,14.5
23.526823372018505,22.18491950496733,0.9423956011548857,-8.625414932853728e-05,14.600000000000001
23.58561162859981,22.26581987851221,0.942386945812393,-8.684465445294015e-05,14.700000000000001
23.644400650445018,22.346719827707613,0.9423782314076394,-8.743515389205901e-05,14.8
23.70319044276001,22.427619349666806,0.9423694579410056,-8.802564760658424e-05,14.9
23.761981010750667,22.508518441503046,0.9423606254128744,-8.861613555719328e-05,15.0
23.820772359622858,22.589417100329612,0.9423517338236315,-8.920661770455068e-05,15.100000000000001
23.879564494582468,22.670315323259775,0.942342783173665,-8.97970940093078e-05,15.200000000000001
23.938357420835374,22.7512131074068,0.942333773463366,-9.03875644321029e-05,15.3
23.997151143587445,22.832110449883952,0.9423247046931278,-9.097802893356116e-05,15.4
24.055945668044565,22.913007347804506,0.9423155768633465,-9.156848747429422e-05,15.5
24.11474099941261,22.99390379828173,0.9423063899744211,-9.215894001490044e-05,15.600000000000001
24.17353714289745,23.074799798428888,0.9422971440267527,-9.274938651596466e-05,15.700000000000001
24.23233410370497,23.155695345359252,0.9422878390207453,-9.333982693805816e-05,15.8
24.291131887041043,23.23659043618609,0.9422784749568057,-9.393026124173849e-05,15.9
24.34993049811155,23.317485068022673,0.942269051835343,-9.452068938754962e-05,16.0
24.408729942149918,23.39837923795953,0.9422595634007849,-9.584282869393871e-05,16.1
24.46753023312928,23.47927293587315,0.9422497350033008,-0.0001007126889792532,16.2
24.52633140618546,23.560166134171716,0.9422394195782052,-0.00010558252904848988,16.3
24.5851334995946,23.64105880267127,0.9422286171265685,-0.0001104523497294372,16.400000000000002
24.64393655163285,23.72195091118785,0.9422173276494054,-0.0001153221518487458,16.5
24.702740600576355,23.802842429537506,0.9422055511476761,-0.00012019193623187686,16.6
24.761545684701268,23.883733327536277,0.9421932876222857,-0.00012506170370304995,16.7
24.820351842283728,23.964623575000214,0.9421805370740842,-0.00012993145508519198,16.8
24.87915911159989,24.04551314174536,0.9421672995038669,-0.0001348011911998852,16.900000000000002
24.937967530925892,24.12640199758775,0.9421535749123744,-0.00013967091286731524,17.0
24.996777138537897,24.207290112343443,0.9421393633002929,-0.00014454062090622042,17.1
25.055587972712036,24.288177455828464,0.9421246646682533,-0.00014941031613383894,17.2
25.114400071724468,24.369063997858884,0.9421094790168331,-0.00015427999936585833,17.3
25.173213473851334,24.44994970825072,0.9420938063465546,-0.00015914967141636286,17.400000000000002
25.232028217368782,24.530834556820032,0.9420776466578862,-0.0001640193330977822,17.5
25.29084434055296,24.611718513382865,0.9420609999512424,-0.00016888898522084025,17.6
25.349661881680014,24.692601547755253,0.9420438662269834,-0.0001737586285945027,17.7
25.408480879026094,24.773483629753247,0.9420262454854158,-0.0001786282640259261,17.8
25.46730137086735,24.854364729192895,0.9420081377267921,-0.00018349789232040558,17.900000000000002
25.52612339547992,24.935244815890233,0.9419895429513115,-0.00018836751428132333,18.0
25.584946991139965,25.01612385966131,0.9419704611591194,-0.00019323713071009752,18.1
25.643772196123617,25.09700183032217,0.9419508923503083,-0.00019810674240612969,18.2
25.702599048707036,25.177878697688858,0.9419308365249168,-0.00020297635016675397,18.3
25.761427587166363,25.25875443157741,0.9419102936829311,-0.0002078459547871848,18.400000000000002
25.820257849777747,25.339629001803882,0.941889263824284,-0.00021271555706046537,18.5
25.87908987481734,25.420502378184317,0.9418677469488557,-0.0002175851577774164,18.6
25.937923700561274,25.50137453053475,0.9418457430564735,-0.00022245475772658365,18.7
25.996759365285715,25.582245428671236,0.9418232521469128,-0.0002273243576941873,18.8
26.0555969072668,25.66311504240981,0.9418002742198958,-0.00023219395846406897,18.900000000000002
26.11443636478068,25.74398334156652,0.9417768092750932,-0.0002370635608176413,19.0
26.173277776103497,25.82485029595741,0.9417528573121233,-0.0002419331655338356,19.1
26.232121179511406,25.905715875398528,0.941728418330553,-0.00024680277338905024,19.200000000000003
26.29096661328055,25.986580049705914,0.9417034923298967,-0.00025167238515709853,19.3
26.349814115687078,26.06744278869561,0.9416780793096184,-0.0002565420016091584,19.400000000000002
26.408663725007134,26.14830406218367,0.94165217926913,-0.0002614116235137191,19.5
26.467515479516873,26.22916383998613,0.9416257922077924,-0.00026628125163653056,19.6
26.526369417492432,26.310022091919038,0.9415989181249154,-0.00027115088674055105,19.700000000000003
26.585225577209968,26.390878787798428,0.9415715570197585,-0.00027602052958589595,19.8
26.64408399694562,26.471733897440366,0.9415437088915302,-0.0002808901809297859,19.900000000000002
26.70294471497554,26.55258739066087,0.9415153737393885,-0.0002857598415264947,20.0
26.761807769575878,26.633439237276008,0.941486551562442,-0.00029062951212729845,20.1
26.820673199022774,26.71428940710181,0.9414572423597483,-0.000295499193480423,20.200000000000003
26.879541041592383,26.795137869954324,0.9414274461303158,-0.000300368886330992,20.3
26.938411335560847,26.87598459564959,0.941397162873103,-0.0003052385914209774,20.400000000000002
26.997284119204316,26.95682955400366,0.9413663925870196,-0.0003101083094891439,20.5
27.05615943079894,27.037672714832574,0.9413351352709256,-0.000314978041271001,20.6
27.11503730862086,27.11851404795238,0.9413033909236324,-0.00031984778749874883,20.700000000000003
27.173917790946224,27.199353523179116,0.9412711595439022,-0.00032471754890122723,20.8
27.23280091605119,27.280191110328836,0.9412384411304493,-0.00032958732620386443,20.900000000000002
27.29168672221189,27.361026779217568,0.9412052356819395,-0.0003344571201286239,21.0
27.350575247704484,27.44186049966137,0.9411715431969906,-0.0003393269313939552,21.1
27.40946653080511,27.522692241476285,0.9411373636741726,-0.00034419676071473904,21.200000000000003
27.46836060978992,27.60352197447835,0.941102697112008,-0.0003490666088022372,21.3
27.527257522935056,27.68434966848362,0.9410675435089717,-0.00035393647636404154,21.400000000000002
27.586157308516675,27.76517529330813,0.9410319028634921,-0.0003588063641040204,21.5
27.645060004810922,27.845998818767924,0.9409957751739505,-0.0003636762727222682,21.6
27.703965650093938,27.92682021467905,0.9409591604386817,-0.0003685462029150531,21.700000000000003
27.762874282641874,28.007639450857557,0.940922058655974,-0.00037341615537476503,21.8
27.821785940730884,28.08845649711948,0.9408844698240698,-0.0003782861307898644,21.900000000000002
27.8807006626371,28.169271323280867,0.9408463939411659,-0.00038315612984483,22.0
27.939618486636686,28.25008389915777,0.9408078310054133,-0.00038802615322010753,22.1
27.99853945100578,28.330894194566216,0.9407687810149181,-0.00039289620159205734,22.200000000000003
28.05746359402053,28.411702179322265,0.9407292439677412,-0.00039776627563290243,22.3
28.116390953957087,28.492507823241954,0.9406892198618989,-0.0004026363760106779,22.400000000000002
28.175321569091587,28.57331109614133,0.940648708695363,-0.00040750650338917705,22.5
28.23425547770019,28.654111967836435,0.9406077104660612,-0.00041237665842790253,22.6
28.293192718059046,28.73491040814332,0.9405662251718777,-0.0004172468417820106,22.700000000000003
28.352133328444292,28.815706386878013,0.9405242528106529,-0.00042211705410226315,22.8
28.411077347132082,28.89649987385658,0.9404817933801837,-0.00042698729603497326,22.900000000000002
28.470024812398556,28.977290838895044,0.9404388468782245,-0.0004318575682219547,23.0
28.52897576251987,29.058079251809467,0.9403954133024869,-0.000436727871300469,23.1
28.58793023577217,29.138865082415883,0.9403514926506401,-0.0004415982059031751,23.200000000000003
28.646888270431596,29.219648300530338,0.9403070849203113,-0.0004464685726580752,23.3
28.705849904774304,29.30042887596888,0.9402621901090863,-0.00045133897218846636,23.400000000000002
28.764815177076432,29.381206778547547,0.9402168082145088,-0.00045620940511288417,23.5
28.82378412561414,29.461981978082388,0.940170939234082,-0.00046107987204505556,23.6
28.882756788663563,29.542754444389452,0.9401245831652683,-0.00046595037359384257,23.700000000000003
28.94173320450086,29.623524147284765,0.9400777400054893,-0.0004708209103631933,23.8
29.000713411402167,29.704291056584392,0.940030409752127,-0.0004756914829520901,23.900000000000002
29.05969744764364,29.78505514210437,0.9399825924025232,-0.000480562091954495,24.0
29.11868535150142,29.86581637366074,0.9399342879539806,-0.0004854327379593008,24.1
29.177677161251655,29.946574721069545,0.9398854964037625,-0.0004903034215502774,24.200000000000003
29.236672915170498,30.02733015414684,0.9398362177490938,-0.0004951741433060207,24.3
29.295672651534094,30.108082642708656,0.9397864519871606,-0.0005000449037999002,24.400000000000002
29.354676408618587,30.188832156571042,0.9397361991151114,-0.0005049157036000068,24.5
29.41368422470013,30.269578665550046,0.9396854591300564,-0.0005097865432691022,24.6
29.472696138054868,30.35032213946171,0.9396342320290691,-0.0005146574233645648,24.700000000000003
29.531712186958945,30.43106254812208,0.9395825178091857,-0.0005195283444383398,24.8
29.59073240968851,30.511799861347193,0.9395303164674058,-0.0005243993070368865,24.900000000000002
29.649756844519715,30.5925340489531,0.9394776280006926,-0.0005292703117011256,25.0
29.708785529728704,30.673265080755847,0.9394244524059739,-0.0005341413589663884,25.1
29.76781850359162,30.753992926571478,0.9393707896801415,-0.0005390124493623639,25.200000000000003
29.826855804384614,30.834717556216027,0.9393166398200525,-0.0005438835834130471,25.3
29.88589747038384,30.91543893950555,0.9392620028225288,-0.0005487547616366875,25.400000000000002
29.94494353986543,30.996157046256084,0.9392068786843583,-0.0005536259845457363,25.5
30.00399405110555,31.076871846283677,0.9391512674022947,-0.0005584972526467949,25.6
30.06304904238034,31.157583309404373,0.9390951689730581,-0.0005633685664405629,25.700000000000003
30.122108551965933,31.238291405434214,0.9390385833933359,-0.0005682399264217853,25.8
30.181172618138497,31.318996104189253,0.9389815106597822,-0.0005731113330792026,25.900000000000002
30.240241279174167,31.39969737548552,0.9389239507690188,-0.0005779827868954952,26.0
30.299314573349104,31.480395189139067,0.9388659037176357,-0.0005828542883472345,26.1
30.35839253893944,31.561089514965946,0.9388073695021911,-0.0005877258379048301,26.200000000000003
30.417475214221326,31.64178032278218,0.9387483481192124,-0.0005925974360324764,26.3
30.47656263747091,31.722467582403837,0.938688839565196,-0.0005974690831881026,26.400000000000002
30.535654846964345,31.803151263646942,0.9386288438366078,-0.0006023407798233188,26.5
30.594751880977775,31.883831336327553,0.9385683609298844,-0.0006072125263833649,26.6
30.65385377778735,31.964507770261708,0.9385073908414324,-0.0006120843233070585,26.700000000000003
30.712960575669207,32.04518053526545,0.9384459335676294,-0.0006169561710267418,26.8
30.772072312899503,32.12584960115483,0.9383839891048247,-0.0006218280699682315,26.900000000000002
30.831189027754384,32.206514937745894,0.9383215574493393,-0.0006267000205507648,27.0
30.890310758509997,32.28717651485467,0.9382586385974663,-0.0006315720231869479,27.1
30.94943754344249,32.36783430229721,0.9381952325454717,-0.0006364440782827037,27.200000000000003
31.008569420828007,32.448488269889566,0.9381313392895947,-0.0006413161862372209,27.3
31.067706428942696,32.52913838744777,0.938066958826048,-0.0006461883474429003,27.400000000000002
31.12684860606271,32.60978462478789,0.9380020911510184,-0.000651060562285303,27.5
31.185995990464182,32.69042695172594,0.9379367362606672,-0.0006559328311430985,27.6
31.245148620423283,32.77106533807798,0.9378708941511307,-0.0006608051543880128,27.700000000000003
31.304306534216142,32.85169975366005,0.9378045648185208,-0.0006656775323847757,27.8
31.363469770118908,32.9323301682882,0.9377377482589251,-0.0006705499654910699,27.900000000000002
31.422638366407732,33.01295655177847,0.9376704444684077,-0.0006754224540574761,28.0
31.481812361358767,33.0935788739469,0.9376026534430099,-0.0006802949984274241,28.1
31.54099179324815,33.17419710460955,0.9375343751787494,-0.0006851675989371377,28.200000000000003
31.600176700352034,33.25481121358245,0.9374656096716228,-0.0006900402559155847,28.3
31.65936712094657,33.33542117068164,0.9373963569176044,-0.0006949129696844234,28.400000000000002
31.718563093307893,33.416026945723175,0.9373266169126476,-0.0006997857405579512,28.5
31.77776465571216,33.4966285085231,0.9372563896526848,-0.0007046585688430515,28.6
31.836971846435517,33.57722582889746,0.9371856751336285,-0.0007095314548391426,28.700000000000003
31.896184703754106,33.65781887666229,0.9371144733513712,-0.0007144043988381238,28.8
31.95540326594409,33.73840762163364,0.9370427843017866,-0.0007192774011243252,28.900000000000002
32.0146275712816,33.818992033627545,0.9369706079807292,-0.0007241504619744536,29.0
32.07385765804279,33.89957208246007,0.9368979443840357,-0.000729023581657542,29.1
32.1330935645038,33.98014773794724,0.9368247935075251,-0.0007338967604348952,29.200000000000003
32.19233532894079,34.0607189699051,0.936751155346999,-0.0007387699985600392,29.3
32.2515829896299,34.14128574814971,0.9366770298982424,-0.0007436432962786695,29.400000000000002
32.31083658484727,34.2218480424971,0.9366024171570247,-0.000748516653828596,29.5
32.37009615286907,34.30240582276332,0.9365273171190989,-0.0007533900714396934,29.6
32.42936173197143,34.38295905876441,0.9364517297802036,-0.0007582635493338481,29.700000000000003
32.4886333604305,34.46350772031643,0.9363756551360626,-0.0007631370877249048,29.8
32.54791107652242,34.5440517772354,0.9362990931823857,-0.0007680106868186166,29.900000000000002
32.60719491852335,34.624591199337374,0.9362220439148694,-0.0007728843468125902,30.0
32.666484924709444,34.7051259564384,0.9361445073291972,-0.0007777580678962346,30.1
32.72578113335682,34.78565601835453,0.9360664834210404,-0.0007826318502507094,30.200000000000003
32.78508358274165,34.86618135490179,0.9359879721860581,-0.0007875056940488702,30.3
32.844392311140076,34.946701935896236,0.9359089736198987,-0.0007923795994552207,30.400000000000002
32.90370735682825,35.02721773115391,0.9358294877181995,-0.0007972535666258548,30.5
32.9630287580823,35.10772871049085,0.935749514476588,-0.0008021275957084082,30.6
33.02235655317841,35.188234843723116,0.9356690538906822,-0.0008070016868420048,30.700000000000003
33.081690780392684,35.26873610066673,0.9355881059560907,-0.0008118758401572039,30.8
33.141031478001295,35.34923245113776,0.9355066706684138,-0.0008167500557759487,30.900000000000002
33.20037868428039,35.42972386495223,0.9354247480232443,-0.0008216243338115128,31.0
33.259732437506095,35.510210311926194,0.9353423380161674,-0.0008264986743684494,31.1
33.319092775954594,35.590691761875696,0.9352594406427619,-0.0008313730775425365,31.200000000000003
33.378459737902006,35.67116818461678,0.9351760558986002,-0.0008362475434207272,31.3
33.437833361624484,35.751639549965496,0.9350921837792495,-0.0008411220720810962,31.400000000000002
33.49721368539818,35.83210582773787,0.935007824280272,-0.0008459966635927863,31.5
33.55660074749924,35.91256698774997,0.9349229773972256,-0.000850871318015957,31.6
33.61599458620381,35.993022999817825,0.9348376431256643,-0.0008557460354017331,31.700000000000003
33.67539523978804,36.073473833757475,0.9347518214611394,-0.0008606208157921489,31.8
33.734802746528075,36.15391945938498,0.9346655123991995,-0.0008654956592201004,31.900000000000002
33.79421714470006,36.23435984651638,0.9345787159353913,-0.0008703705657092892,32.0
33.85363847258015,36.3147949649677,0.9344914320652602,-0.0008752455352741715,32.1
33.91306676844449,36.395224784555026,0.934403660784351,-0.0008801205679199058,32.2
33.97250207056922,36.475649275094355,0.9343154020882085,-0.0008849956636422994,32.300000000000004
34.03194441723049,36.55606840640175,0.9342266559723781,-0.0008898708224277564,32.4
34.091393846704456,36.63648214829327,0.9341374224324066,-0.0008947460442532264,32.5
34.15085039726725,36.71689047058494,0.9340477014638421,-0.0008996213290861515,32.6
34.21031410719503,36.79729334309282,0.9339574930622359,-0.000904496676884411,32.7
34.269785014763954,36.87769073563294,0.9338667972231419,-0.0009093720875962741,32.800000000000004
34.32926315825015,36.958082618021336,0.9337756139421183,-0.0009142475611603421,32.9
34.38874857592977,37.03846896007409,0.9336839432147271,-0.0009191230975055001,33.0
34.44824130607896,37.118849731607206,0.9335917850365361,-0.0009239986965508628,33.1
34.50774138697388,37.199224902436754,0.933499139403118,-0.0009288743582057204,33.2
34.567248856890664,37.27959444237876,0.9334060063100527,-0.0009337500823694893,33.300000000000004
34.62676375410547,37.35995832124929,0.9333123857529264,-0.000938625868931657,33.4
34.68628611689443,37.44031650886436,0.9332182777273337,-0.0009435017177717309,33.5
34.74581598353372,37.52066897504004,0.933123682228877,-0.000948377628759186,33.6
34.80535339229945,37.60101568959235,0.9330285992531681,-0.0009532536017534102,33.7
34.864898381467796,37.68135662233737,0.9329330287958284,-0.0009581296366036548,33.800000000000004
34.924450989314884,37.761691743091106,0.9328369708524897,-0.0009630057331489802,33.9
34.984011254116886,37.84202102166962,0.932740425418795,-0.0009678818912182026,34.0
35.04357921414993,37.922344427888966,0.932643392490399,-0.0009727581106298444,34.1
35.10315490769016,38.00266193156517,0.9325458720629685,-0.0009776343911920777,34.2
35.162738373013745,38.082973502514285,0.9324478641321841,-0.000982510732702676,34.300000000000004
35.22232964839682,38.16327911055235,0.9323493686937399,-0.0009873871349489567,34.4
35.28192877211553,38.24357872549542,0.9322503857433442,-0.0009922635977077342,34.5
35.341535782446016,38.32387231715952,0.932150915276721,-0.0009971401207452626,34.6
35.40115071766444,38.404159855360724,0.9320509572896103,-0.001002016703817186,34.7
35.46077361604695,38.48444130991505,0.9319505117777684,-0.0010068933466684845,34.800000000000004
35.52040451586968,38.564716650638545,0.9318495787369694,-0.0010117700490334207,34.9
35.58004345540878,38.64498584734726,0.9317481581630048,-0.0010166468106354916,35.0
35.639690472940416,38.725248869857246,0.9316462500516856,-0.0010215236311873698,35.1
35.69934560674071,38.80550568798454,0.9315438543988421,-0.001026400510390856,35.2
35.75900889508582,38.88575627154518,0.9314409712003247,-0.001031277447936823,35.300000000000004
35.81868037625189,38.96600059035522,0.9313376004520049,-0.0010361544435051652,35.4
35.87836008851509,39.04623861423071,0.9312337421497758,-0.001041031496764746,35.5
35.938048070151524,39.12647031298767,0.9311293962895534,-0.0010459086073733445,35.6
35.99774435943738,39.206695656442164,0.9310245628672761,-0.0010507857749776014,35.7
36.05744899464879,39.286914614410236,0.9309192418789071,-0.0010556629992129704,35.800000000000004
36.11716201406188,39.36712715670792,0.9308134333204335,-0.0010605402797036606,35.9
36.17688345595285,39.447333253151264,0.9307071371878685,-0.0010654176160625895,36.0
36.23661335859779,39.527532873556325,0.930600353477251,-0.0010702950078913252,36.1
36.29635176027289,39.60772598773913,0.9304930821846472,-0.001075172454780037,36.2
36.356098699254275,39.68791256551573,0.9303853233061508,-0.0010800499563074417,36.300000000000004
36.41585421381809,39.768092576702166,0.9302770768378841,-0.0010849275120407508,36.4
36.47561834224049,39.848265991114495,0.9301683427759985,-0.001089805121535619,36.5
36.53539112279763,39.92843277856874,0.9300591211166754,-0.001094682784336091,36.6
36.59517259376565,40.00859290888097,0.9299494118561275,-0.0010995604999745486,36.7
36.654962793420694,40.088746351867215,0.929839214990598,-0.0011044382679716571,36.800000000000004
36.71476176003891,40.16889307734351,0.9297285305163637,-0.001109316087836316,36.9
36.774569531896454,40.249033055125906,0.9296173584297336,-0.001114193959065603,37.0
36.83438614726946,40.329166255030465,0.9295056987270512,-0.0011190718811447233,37.1
36.89421164443409,40.40929264687321,0.9293935514046945,-0.0011239498535469572,37.2
36.95404606166648,40.4894122004702,0.9292809164590768,-0.0011288278757336046,37.300000000000004
37.01388943724278,40.569524885637456,0.929167793886648,-0.0011337059471539367,37.4
37.07374180943914,40.64963067219105,0.9290541836838956,-0.0011385840672451409,37.5
37.133603216531704,40.72972952994702,0.9289400858473436,-0.0011434622354322677,37.6
37.19347369679663,40.80982142872139,0.9288255003735563,-0.001148340451128181,37.7
37.25335328851005,40.889906338330235,0.9287104272591366,-0.0011532187137335012,37.800000000000004
37.31324202994812,40.969984228589574,0.928594866500728,-0.0011580970226365568,37.9
37.37313995938698,41.050055069315455,0.9284788180950154,-0.00116297537721333,38.0
37.43304711510279,41.13011883032394,0.9283622820387257,-0.0011678537768274038,38.1
37.492963535371686,41.21017548143105,0.9282452583286283,-0.0011727322208299087,38.2
37.55288925846982,41.29022499245285,0.9281277469615367,-0.0011776107085594738,38.300000000000004
37.61282432267335,41.37026733320537,0.9280097479343082,-0.0011824892393421703,38.400000000000006
37.6727687662584,41.45030247350465,0.9278912612438467,-0.0011873678124914595,38.5
37.73272262750113,41.530330383166756,0.9277722868871009,-0.0011922464273081432,38.6
37.792685944677686,41.61035103200772,0.9276528248610676,-0.0011971250830803074,38.7
37.85265875606422,41.69036438984358,0.9275328751627908,-0.001202003779083273,38.800000000000004
37.912641099936884,41.77037042649039,0.9274124377893637,-0.0012068825145795403,38.900000000000006
37.97263301457181,41.85036911176418,0.9272915127379289,-0.0012117612888187382,39.0
38.032634538245155,41.930360415481005,0.9271701000056791,-0.0012166401010375724,39.1
38.09264570923306,42.01034430745692,0.9270481995898594,-0.0012215189504597714,39.2
38.15266656581168,42.09032075750796,0.9269258114877656,-0.001226397836296034,39.300000000000004
38.212697146257156,42.17028973545015,0.9268029356967479,-0.001231276757743978,39.400000000000006
38.272737488845635,42.25025121109956,0.9266795722142095,-0.0012361557139880853,39.5
38.33278763185328,42.33020515427223,0.9265557210376089,-0.0012410347041996543,39.6
38.39284761355622,42.410151534784205,0.9264313821644601,-0.001245913727536741,39.7
38.45291747223061,42.49009032245151,0.9263065555923338,-0.001250792783144112,39.800000000000004
38.512997246152594,42.57002148709021,0.9261812413188578,-0.0012556718701531879,39.900000000000006
38.573086973598315,42.64994499851634,0.926055439341719,-0.0012605509876819942,40.0
38.63318669284393,42.72986082654595,0.9259291496586626,-0.001265430134835107,40.1
38.69329644216558,42.80976894099508,0.9258023722674946,-0.001270309310703601,40.2
38.753416259839426,42.88966931167978,0.9256751071660818,-0.0012751885143649964,40.300000000000004
38.8135461841416,42.96956190841609,0.925547354352353,-0.0012800677448832072,40.400000000000006
38.87368625334825,43.049446701020045,0.9254191138243,-0.0012849470013084896,40.5
38.93383650573553,43.1293236593077,0.9252903855799779,-0.0012898262826773874,40.6
38.993996979579585,43.20919275309511,0.9251611696175069,-0.0012947055880126825,40.7
39.05416771315657,43.2890539521983,0.9250314659350729,-0.0012995849163233387,40.800000000000004
39.114348744742614,43.36890722643332,0.924901274530928,-0.0013044642666044538,40.900000000000006
39.174540112613876,43.44875254561621,0.9247705954033917,-0.0013093436378372016,41.0
39.23474185504651,43.52858987956303,0.9246394285508523,-0.0013142230289887877,41.1
39.294954010316644,43.608419198089805,0.9245077739717671,-0.001319102439012389,41.2
39.35517661670045,43.6882404710126,0.9243756316646637,-0.0013239818668471055,41.300000000000004
39.41540971247406,43.76805366814744,0.9242430016281409,-0.0013288613114179068,41.400000000000006
39.475653335913606,43.84785875931037,0.9241098838608696,-0.0013337407716355809,41.5
39.53590752529527,43.92765571431745,0.9239762783615938,-0.0013386202463966808,41.6
39.59617231889518,44.00744450298472,0.9238421851291316,-0.0013434997345834732,41.7
39.65644775498948,44.08722509512821,0.923707604162376,-0.0013483792350638848,41.800000000000004
39.71673387185434,44.16699746056398,0.923572535460296,-0.0013532587466914524,41.900000000000006
39.777030707765874,44.24676156910806,0.9234369790219374,-0.0013581382683052665,42.0
39.83733830100026,44.32651739057651,0.9233009348464242,-0.001363017798729925,42.1
39.89765668983361,44.406264894785366,0.9231644029329585,-0.0013678973367754752,42.2
39.957985912542114,44.48600405155067,0.9230273832808231,-0.0013727768812373663,42.300000000000004
40.01832600740189,44.56573483068848,0.922889875889381,-0.0013776564308963927,42.400000000000006
40.07867701268909,44.64545720201481,0.922751880758077,-0.0013825359845186461,42.5
40.13903896667987,44.72517113534573,0.9226133978864387,-0.0013874155408554617,42.6
40.19941190765037,44.804876600497295,0.9224744272740777,-0.001392295098643364,42.7
40.25979587387675,44.88457356728552,0.92233496892069,-0.0013971746566040183,42.800000000000004
40.32019090363513,44.96426200552646,0.9221950228260574,-0.0014020542134441762,42.900000000000006
40.38059703520169,45.043941885036155,0.9220545889900482,-0.0014069337678556235,43.0
40.44101430685255,45.123613175630666,0.9219136674126187,-0.0014118133185151303,43.1
40.50144275686388,45.20327584712603,0.9217722580938139,-0.0014166928640843965,43.2
40.56188242351181,45.282929869338275,0.9216303610337683,-0.0014215724032100006,43.300000000000004
40.62233334507249,45.36257521208347,0.9214879762327072,-0.0014264519345233483,43.400000000000006
40.682795559822075,45.44221184517763,0.9213451036909476,-0.0014313314566406204,43.5
40.743269106036706,45.52183973843683,0.9212017434088994,-0.0014362109681627197,43.6
40.803754021992546,45.6014588616771,0.921057895387066,-0.0014410904676752212,43.7
40.86425034596572,45.68106918471449,0.9209135596260459,-0.0014459699537483167,43.800000000000004
40.92475811623239,45.760670677365034,0.9207687361265331,-0.0014508494249367678,43.900000000000006
40.98527737106869,45.84026330944477,0.9206234248893188,-0.001455728879779848,44.0
41.04580814875078,45.91984705076976,0.9204776259152915,-0.001460608316801298,44.1
41.1063504875548,45.99942187115606,0.9203313392054394,-0.001465487734509267,44.2
41.16690442575691,46.078987740419684,0.92018456476085,-0.0014703671313962645,44.300000000000004
41.22747000163324,46.15854462837668,0.9200373025827122,-0.0014752465059391085,44.400000000000006
41.28804725345994,46.2380925048431,0.9198895526723168,-0.0014801258565988725,44.5
41.348636219513175,46.31763133963501,0.9197413150310576,-0.0014850051818208357,44.6
41.40923693806908,46.39716110256842,0.9195925896604328,-0.0014898844800344286,44.7
41.46984944739589,46.476681763465564,0.9194433798799162,-0.0014940321381768029,44.800000000000004
41.53047377205633,46.556193302866376,0.9192941554158726,-0.0014908461274977577,44.900000000000006
41.591109894764784,46.63569573403604,0.9191452496494371,-0.0014876599920363451,45.0
41.65175779027642,46.71518907646389,0.9189966625888841,-0.0014844737331179774,45.1
41.71241743334642,46.79467334963923,0.9188483942423985,-0.0014812873520613163,45.2
41.77308879872994,46.87414857305136,0.9187004446180789,-0.0014781008501782854,45.300000000000004
41.83377186118216,46.95361476618955,0.9185528137239355,-0.0014749142287740868,45.400000000000006
41.89446659545823,47.03307194854314,0.9184055015678924,-0.0014717274891472138,45.5
41.955172976313364,47.11252013960142,0.9182585081577869,-0.0014685406325894608,45.6
42.015890978502696,47.191959358853694,0.9181118335013708,-0.001465353660385941,45.7
42.07662057678142,47.27138962578927,0.9179654776063102,-0.001462166573815097,45.800000000000004
42.1373617459047,47.350810959897444,0.9178194404801862,-0.001458979374148715,45.900000000000006
42.19811446062769,47.43022338066753,0.9176737221304956,-0.0014557920626519396,46.0
42.2588786957056,47.5096269075888,0.9175283225646506,-0.0014526046405832838,46.1
42.31965442589357,47.589021560150606,0.9173832417899802,-0.0014494171091946459,46.2
42.38044162594677,47.668407357842206,0.9172384798137297,-0.001446229469731322,46.300000000000004
42.4412402706204,47.74778432015294,0.9170940366430622,-0.0014430417234320187,46.400000000000006
42.5020503346696,47.82715246657207,0.9169499122850577,-0.0014398538715288667,46.5
42.562871792849556,47.906511816588946,0.9168061067467149,-0.0014366659152474346,46.6
42.623704619915436,47.985862389692834,0.9166626200349507,-0.0014334778558067426,46.7
42.68454879062242,48.06520420537306,0.9165194521566008,-0.001430289694419276,46.800000000000004
42.745404279725676,48.144537283118915,0.9163766031184211,-0.0014271014322909984,46.900000000000006
42.80627106198037,48.22386164241969,0.916234072927086,-0.0014239130706213655,47.0
42.86714911214167,48.303177302764716,0.9160918615891915,-0.0014207246106033393,47.1
42.92803840496476,48.38248428364329,0.9159499691112533,-0.0014175360534233992,47.2
42.9889389152048,48.461782604544695,0.9158083954997086,-0.0014143474002615594,47.300000000000004
43.04985061761697,48.54107228495825,0.9156671407609165,-0.0014111586522913794,47.400000000000006
43.11077348695643,48.62035334437325,0.9155262049011573,-0.0014079698106799802,47.5
43.17170749797837,48.69962580227901,0.9153855879266345,-0.0014047808765880543,47.6
43.23265262543794,48.77888967816482,0.915245289843474,-0.0014015918511698837,47.7
43.29360884409032,48.85814499152,0.9151053106577249,-0.0013984027355733505,47.800000000000004
43.35457612869071,48.93739176183384,0.9149656503753602,-0.0013952135309399517,47.900000000000006
43.41555445399423,49.016630008595634,0.9148263090022771,-0.0013920242384048134,48.0
43.476543794756076,49.09585975129471,0.9146872865442969,-0.0013888348590967035,48.1
43.53754412573142,49.175081009420346,0.9145485830071667,-0.0013856453941380447,48.2
43.59855542167545,49.254293802461866,0.914410198396558,-0.0013824558446449307,48.300000000000004
43.6595776573433,49.33349814990857,0.9142721327180687,-0.0013792662117271394,48.400000000000006
43.720610807490175,49.41269407124974,0.9141343859772231,-0.0013760764964881446,48.5
43.78165484687122,49.491881585974696,0.9139969581794715,-0.0013728867000251306,48.6
43.84270975024163,49.57106071357274,0.9138598493301916,-0.0013696968234290085,48.7
43.903775492356566,49.650231473533175,0.9137230594346891,-0.0013665068677844265,48.800000000000004
43.964852047971206,49.72939388534531,0.9135865884981966,-0.0013633168341697847,48.900000000000006
44.025939391840694,49.80854796849843,0.9134504365258759,-0.0013601267236572523,49.0
44.08703749872024,49.88769374248185,0.9133146035228172,-0.0013569365373127752,49.1
44.14814634336499,49.96683122678488,0.9131790894940396,-0.0013537462761960951,49.2
44.209265900530134,50.04596044089681,0.9130438944444925,-0.0013505559413607617,49.300000000000004
44.270396144970825,50.125081404306954,0.9129090183790541,-0.0013473655338541465,49.400000000000006
44.33153705144224,50.204194136504604,0.9127744613025345,-0.001344175054717455,49.5
44.39268859469955,50.28329865697907,0.9126402232196732,-0.0013409845049857437,49.6
44.45385074949794,50.36239498521966,0.9125063041351418,-0.0013377938856879332,49.7
44.51502349059257,50.44148314071566,0.9123727040535431,-0.0013346031978468194,49.800000000000004
44.576206792738596,50.52056314295639,0.9122394229794121,-0.001331412442479091,49.900000000000006
44.63740063069121,50.59963501143114,0.9121064609172164,-0.001328221620595343,50.0
44.69860497920559,50.67869876562923,0.9119738178713558,-0.0013250307332000866,50.1
44.75981981303689,50.75775442503994,0.9118414938461641,-0.001321839781291769,50.2
44.82104510694029,50.8368020091526,0.9117094888459084,-0.0013186487658627837,50.300000000000004
44.88228083567097,50.9158415374565,0.91157780287479,-0.0013154576878994847,50.400000000000006
44.94352697398407,50.994873029440924,0.9114464359369444,-0.0013122665483822021,50.5
45.004783496634786,51.073896504595204,0.9113153880364421,-0.0013090753482852557,50.6
45.066050378378286,51.15291198240863,0.9111846591772887,-0.001305884088576967,50.7
45.127327593969746,51.23191948237052,0.911054249363426,-0.001302692770219677,50.800000000000004
45.188615118164336,51.31091902397016,0.9109241585987314,-0.0012995013941697548,50.900000000000006
45.249912925717204,51.38991062669684,0.9107943868870186,-0.001296309961377619,51.0
45.31122099138356,51.46889431003989,0.9106649342320385,-0.0012931184727877439,51.1
45.37253928991856,51.54787009348862,0.9105358006374792,-0.0012899269293386805,51.2
45.43386779607736,51.6268379965323,0.9104069861069662,-0.001286735331963065,51.300000000000004
45.495206484615146,51.705798038660255,0.9102784906440633,-0.0012835436815876373,51.400000000000006
45.55655533028708,51.784750239361784,0.9101503142522728,-0.0012803519791332524,51.5
45.617914307848345,51.86369461812618,0.9100224569350353,-0.0012771602255148944,51.6
45.67928339205412,51.94263119444277,0.9098949186957311,-0.0012739684216416928,51.7
45.74066255765955,52.021559987800835,0.9097676995376801,-0.0012707765684169348,51.800000000000004
45.80205177941983,52.10048101768968,0.909640799464142,-0.0012675846667380807,51.900000000000006
45.863451032090104,52.17939430359862,0.9095142184783167,-0.0012643927174967764,52.0
45.92486029042558,52.258299865016944,0.9093879565833453,-0.0012612007215788692,52.1
45.9862795291814,52.33719772143397,0.9092620137823098,-0.0012580086798644212,52.2
46.04770872311275,52.416087892339,0.9091363900782335,-0.001254816593227724,52.300000000000004
46.1091478469748,52.49497039722132,0.9090110854740824,-0.0012516244625373114,52.400000000000006
46.17059687552271,52.573845255570234,0.908886099972764,-0.0012484322886559753,52.5
46.232055783511676,52.65271248687507,0.9087614335771287,-0.00124524007244078,52.6
46.29352454569684,52.731572110625116,0.9086370862899701,-0.001242047814743074,52.7
46.3550031368334,52.81042414630968,0.9085130581140254,-0.0012388555164085087,52.800000000000004
46.416491531676506,52.88926861341805,0.9083893490519751,-0.0012356631782770473,52.900000000000006
46.47798970498133,52.968105531439534,0.9082659591064443,-0.0012324708011829835,53.0
46.53949763150307,53.046934919863446,0.9081428882800026,-0.001229278385954952,53.1
46.601015285996866,53.12575679817908,0.9080201365751647,-0.001226085933415946,53.2
46.66254264321791,53.20457118587575,0.9078977039943904,-0.0012228934443833301,53.300000000000004
46.72407967792136,53.28337810244275,0.9077755905400853,-0.0012197009196688547,53.400000000000006
46.785626364862395,53.36217756736938,0.9076537962146012,-0.00121650836007867,53.5
46.84718267879619,53.440969600144946,0.9075323210202361,-0.001213315766413339,53.6
46.9087485944779,53.51975422025876,0.9074111649592349,-0.0012101231394678572,53.7
46.97032408666272,53.59853144720011,0.9072903280337897,-0.001206930480031658,53.800000000000004
47.03190913010581,53.67730130045831,0.9071698102460408,-0.001203737788888636,53.900000000000006
47.093503699562326,53.75606379952266,0.9070496115980752,-0.0012005450668171557,54.0
47.15510776978746,53.83481896388247,0.9069297320919293,-0.001197352314590067,54.1
47.21672131553638,53.913566813027025,0.9068101717295876,-0.0011941595329747208,54.2
47.278344311564254,53.99230736644564,0.9066909305129836,-0.0011909667227329832,54.300000000000004
47.339976732626255,54.071040643627626,0.9065720084440008,-0.0011877738846212476,54.400000000000006
47.40161855347755,54.14976666406227,0.9064534055244716,-0.0011845810193904522,54.5
47.463269748873316,54.22848544723888,0.9063351217561795,-0.0011813881277860916,54.6
47.52493029356873,54.307197012646775,0.9062171571408576,-0.0011781952105482335,54.7
47.586600162318945,54.38590137977523,0.9060995116801904,-0.001175002268411531,54.800000000000004
47.64827932987915,54.464598568113566,0.9059821853758133,-0.001171809302105238,54.900000000000006
47.7099677710045,54.54328859715108,0.9058651782293138,-0.0011686163123532252,55.0
47.77166546045019,54.62197148637708,0.9057484902422304,-0.0011654232998739912,55.1
47.833372372971375,54.70064725528087,0.9056321214160549,-0.0011622302653806781,55.2
47.89508848332323,54.779315923351746,0.905516071752231,-0.001159037209581089,55.300000000000004
47.95681376626091,54.85797751007902,0.9054003412521561,-0.0011558441331776968,55.400000000000006
48.01854819653961,54.936632034951984,0.9052849299171801,-0.001152651036867664,55.5
48.0802917489145,55.01527951745995,0.9051698377486073,-0.0011494579213428531,55.6
48.14204439814074,55.09391997709221,0.9050550647476958,-0.0011462647872898435,55.7
48.20380611897351,55.17255343333809,0.904940610915658,-0.0011430716353899451,55.800000000000004
48.26557688616797,55.251179905686875,0.9048264762536614,-0.001139878466319213,55.900000000000006
48.327356674479304,55.32979941362786,0.9047126607628284,-0.0011366852807484606,56.0
48.38914545866268,55.40841197665036,0.9045991644442369,-0.0011334920793432768,56.1
48.450943213473266,55.48701761424369,0.9044859872989204,-0.0011302988627640378,56.2
48.512749913666234,55.56561634589713,0.904373129327869,-0.0011271056316659233,56.300000000000004
48.57456553399676,55.644208191100006,0.9042605905320288,-0.0011239123866989297,56.400000000000006
48.63639004922001,55.7227931693416,0.9041483709123032,-0.0011207191285078862,56.5
48.69822343409115,55.80137130011122,0.9040364704695525,-0.001117525857732467,56.6
48.76006566336537,55.87994260289818,0.9039248892045947,-0.001114332575007207,56.7
48.82191671179783,55.95850709719178,0.9038136271182056,-0.0011111392809615185,56.800000000000004
48.883776554143694,56.037064802481304,0.9037026842111191,-0.0011079459762197014,56.900000000000006
48.94564516515815,56.11561573825607,0.9035920604840281,-0.0011047526614009608,57.0
49.007522519596364,56.1941599240054,0.9034817559375836,-0.0011015593371194198,57.1
49.06940859221349,56.27269737921857,0.9033717705723968,-0.001098366003984137,57.2
49.13130335776472,56.351228123384885,0.9032621043890378,-0.0010951726625991164,57.300000000000004
49.193206791005224,56.42975217599366,0.9031527573880366,-0.0010919793135633253,57.400000000000006
49.255118866690154,56.50826955653419,0.9030437295698841,-0.0010887859574707085,57.5
49.31703955957472,56.586780284495774,0.902935020935031,-0.0010855925949102008,57.6
49.37896884441405,56.665284379367726,0.9028266314838892,-0.0010823992264657445,57.7
49.44090669596335,56.74378186063936,0.9027185612168321,-0.0010792058527163023,57.800000000000004
49.50285308897776,56.82227274779994,0.9026108101341943,-0.001076012474235871,57.900000000000006
49.56480799821247,56.900757060338805,0.9025033782362726,-0.0010728190915934971,58.0
49.626771398422655,56.979234817745244,0.9023962655233257,-0.0010696257053532923,58.1
49.68874326436349,57.05770603950857,0.9022894719955752,-0.0010664323160744465,58.2
49.750723570790115,57.136170745118065,0.9021829976532054,-0.0010632389243112432,58.300000000000004
49.81271229245774,57.21462895406305,0.902076842496364,-0.001060045530613073,58.400000000000006
49.87470940412152,57.29308068583281,0.9019710065251618,-0.00105685213552445,58.5
49.93671488053661,57.37152595991669,0.9018654897396742,-0.001053658739585025,58.6
49.99872869645821,57.44996479580395,0.9017602921399399,-0.0010504653433295998,58.7
50.06075082664147,57.528397212983904,0.9016554137259631,-0.0010472719472881436,58.800000000000004
50.12278124584159,57.60682323094586,0.9015508544977119,-0.001044078551985805,58.900000000000006
50.1848199288137,57.68524286917912,0.9014466144551202,-0.00104088515794293,59.0
50.246866850313005,57.76365614717299,0.901342693598087,-0.0010376917656750725,59.1
50.30892198509467,57.842063084416765,0.9012390919264776,-0.0010344983756930119,59.2
50.37098530791385,57.92046370039975,0.9011358094401224,-0.0010313049885027682,59.300000000000004
50.43305679352572,57.99885801461126,0.9010328461388194,-0.0010281116046056125,59.400000000000006
50.495136416685476,58.07724604654058,0.9009302020223328,-0.0010249182244980862,59.5
50.55722415214827,58.15562781567702,0.9008278770903937,-0.0010217248486720134,59.6
50.61931997466927,58.23400334150989,0.9007258713427009,-0.001018531477614516,59.7
50.68142385900366,58.31237264352849,0.9006241847789206,-0.0010153381118080274,59.800000000000004
50.7435357799066,58.39073574122213,0.9005228173986873,-0.0010121447517303093,59.900000000000006
50.805655712133266,58.469092654080086,0.9004217692016036,-0.0010089513978544641,60.0
50.86778363043883,58.547443401591686,0.9003210401872408,-0.0010057580506489501,60.1
50.92991950957846,58.62578800324623,0.9002206303551389,-0.001002564710577597,60.2
50.992063324307345,58.70412647853302,0.9001205397048077,-0.00099937137809962,60.300000000000004
51.05421504938062,58.78245884694135,0.9000207682357259,-0.0009961780536696333,60.400000000000006
51.11637465955349,58.860785127960526,0.8999213159473424,-0.0009929847377376682,60.5
51.17854212958112,58.93910534107986,0.8998221828390761,-0.0009897914307491825,60.6
51.240717434218666,59.01741950578865,0.8997233689103163,-0.0009865981331450805,60.7
51.30290054822132,59.095727641576204,0.8996248741604238,-0.0009834048453617233,60.800000000000004
51.36509144634424,59.17402976793181,0.8995266985887294,-0.0009802115678309476,60.900000000000006
51.427290103342585,59.25232590434479,0.8994288421945357,-0.000977018300980075,61.0
51.489496493971565,59.33061607030443,0.899331304977117,-0.0009738250452319321,61.1
51.55171059298631,59.40890028530005,0.8992340869357198,-0.0009706318010048626,61.2
51.61393237514203,59.48717856882094,0.8991371880695622,-0.0009674385687127414,61.300000000000004
51.67616181519386,59.565450940356406,0.8990406083778356,-0.0009642453487649905,61.400000000000006
51.73839888789699,59.64371741939575,0.8989443478597039,-0.0009610521415665934,61.5
51.80064356800659,59.721978025428285,0.898848406514304,-0.0009578589475181089,61.6
51.86289583027783,59.80023277794329,0.8987527843407467,-0.000954665767015687,61.7
51.92515564946588,59.87848169643011,0.8986574813381158,-0.000951472600451083,61.800000000000004
51.987423000325926,59.956724800378005,0.8985624975054701,-0.0009482794482116729,61.900000000000006
52.049697857613104,60.03496210927629,0.898467832841842,-0.0009450863106804659,62.0
52.11198019608263,60.11319364261429,0.8983734873462383,-0.0009418931882361217,62.1
52.17426999048965,60.19141941988129,0.8982794610176417,-0.0009387000812529633,62.2
52.236567215589325,60.26963946056659,0.8981857538550095,-0.0009355069901009931,62.300000000000004
52.298871846136855,60.3478537841595,0.8980923658572741,-0.0009323139151459066,62.400000000000006
52.361183856887386,60.426062410149314,0.8979992970233444,-0.0009291208567491083,62.5
52.42350322259611,60.50426535802534,0.8979065473521047,-0.0009259278152677233,62.6
52.48582991801818,60.5824626472769,0.8978141168424161,-0.0009227347910546171,62.7
52.54816391790879,60.66065429739327,0.8977220054931161,-0.0009195417844584055,62.800000000000004
52.61050519702309,60.73884032786376,0.8976302133030193,-0.000916348795823471,62.900000000000006
52.67285373011625,60.817020758177684,0.8975387402709172,-0.0009131558254899796,63.0
52.73520949194346,60.895195607824334,0.8974475863955788,-0.0009099628737938912,63.1
52.79757245725988,60.97336489629301,0.8973567516757512,-0.0009067699410669782,63.2
52.85994260082069,61.051528643073034,0.8972662361101589,-0.0009035770276368386,63.300000000000004
52.922319897381044,61.129686867653696,0.8971760396975054,-0.0009003841338269101,63.400000000000006
52.98470432169613,61.20783958952429,0.8970861624364721,-0.0008971912599564867,63.5
53.04709584852111,61.28598682817414,0.8969966043257198,-0.0008939984063407305,63.6
53.10949445261116,61.364128603092524,0.8969073653638882,-0.00089080557329069,63.7
53.17190010872145,61.44226493376877,0.8968184455495962,-0.0008876127611133111,63.800000000000004
53.23431279160716,61.52039583969217,0.8967298448814429,-0.000884419970111455,63.900000000000006
53.29673247602344,61.59852134035202,0.8966415633580068,-0.0008812272005839115,64.0
53.35915913672549,61.676641455237636,0.8965536009778469,-0.0008780344528254121,64.10000000000001
53.42159274846845,61.75475620383831,0.8964659577395022,-0.0008748417271266495,64.2
53.48403328600752,61.832865605643356,0.8963786336414936,-0.0008716490237742857,64.3
53.54648072409786,61.910969680142074,0.8962916286823219,-0.0008684563430509717,64.4
53.608935037494625,61.98906844682376,0.8962049428604696,-0.000865263685235362,64.5
53.67139620095302,62.06716192517773,0.8961185761744006,-0.0008620710506021253,64.60000000000001
53.73386418922818,62.14525013469327,0.896032528622561,-0.0008588784394219653,64.7
53.79633897707531,62.223333094859676,0.8959468002033785,-0.0008556858519616289,64.8
53.858820539249564,62.30141082516629,0.8958613909152634,-0.0008524932884839254,64.9
53.92130885050611,62.379483345102386,0.8957763007566087,-0.0008493007492477409,65.0
53.98380388560014,62.457550674157275,0.8956915297257901,-0.0008461082345080502,65.10000000000001
54.0463056192868,62.53561283182025,0.8956070778211666,-0.0008429157445159347,65.2
54.10881402632125,62.61366983758063,0.8955229450410801,-0.0008397232795185951,65.3
54.171329081458715,62.691721710927716,0.895439131383857,-0.0008365308397593666,65.4
54.23385075945431,62.769768471350794,0.8953556368478066,-0.0008333384254777351,65.5
54.29637903506326,62.847810138339185,0.8952724614312231,-0.0008301460369093485,65.60000000000001
54.35891388304069,62.92584673138217,0.8951896051323851,-0.0008269536742860359,65.7
54.42145527814179,63.003878269969086,0.8951070679495555,-0.0008237613378358187,65.8
54.484003195121744,63.081904773589216,0.8950248498809821,-0.0008205690277829261,65.9
54.54655760873569,63.159926261731854,0.8949429509248982,-0.0008173767443478113,66.0
54.60911849373883,63.23794275388633,0.8948613710795225,-0.000814184487747165,66.10000000000001
54.671685824886325,63.31595426954191,0.8947801103430589,-0.000810992258193931,66.2
54.73425957693333,63.39396082818792,0.894699168713698,-0.0008078000558973193,66.3
54.796839724635056,63.47196244931368,0.8946185461896157,-0.0008046078810628222,66.4
54.85942624274664,63.54995915240846,0.8945382427689751,-0.0008014157338922287,66.5
54.92201910602327,63.627950956961584,0.8944582584499254,-0.0007982236145836387,66.60000000000001
54.98461828922011,63.705937882462344,0.8943785932306032,-0.0007950315233314801,66.7
55.047223767092326,63.783919948400055,0.8942992471091318,-0.0007918394603265189,66.8
55.10983551439511,63.861897174264,0.8942202200836221,-0.0007886474257558789,66.9
55.17245350588361,63.9398695795435,0.8941415121521727,-0.0007854554198030535,67.0
55.23507771631301,64.01783718372786,0.89406312331287,-0.00078226344264792,67.10000000000001
55.29770812043847,64.09580000630635,0.8939850535637887,-0.000779071494466758,67.2
55.36034469301518,64.17375806676831,0.8939073029029914,-0.0007758795754322592,67.3
55.422987408798306,64.25171138460306,0.8938298713285298,-0.0007726876857135455,67.4
55.48563624254301,64.32965997929983,0.8937527588384441,-0.0007694958254761828,67.5
55.54829116900447,64.40760387034801,0.8936759654307641,-0.0007663039948821953,67.60000000000001
55.610952162937856,64.48554307723684,0.8935994911035079,-0.0007631121940900814,67.7
55.67361919909834,64.56347761945564,0.8935233358546845,-0.0007599204232548272,67.8
55.736292252241086,64.64140751649373,0.8934474996822914,-0.0007567286825279204,67.9
55.798971297121284,64.71933278784037,0.8933719825843168,-0.0007535369720573688,68.0
55.8616563084941,64.79725345298495,0.8932967845587393,-0.0007503452919877103,68.10000000000001
55.924347261114676,64.87516953141667,0.8932219056035273,-0.0007471536424600313,68.2
55.98704412973822,64.95308104262489,0.8931473457166407,-0.0007439620236119794,68.3
56.049746889119895,65.0309880060989,0.8930731048960293,-0.0007407704355777781,68.4
56.11245551401486,65.10889044132801,0.8929991831396354,-0.0007375788784882433,68.5
56.1751699791783,65.18678836780153,0.8929255804453916,-0.0007343873524707955,68.60000000000001
56.23789025936537,65.26468180500872,0.8928522968112224,-0.0007311958576494777,68.7
56.300616329331255,65.34257077243893,0.8927793322350444,-0.0007280043941449671,68.8
56.36334816383114,65.42045528958147,0.892706686714766,-0.0007248129620745897,68.9
56.426085737620156,65.4983353759256,0.892634360248288,-0.00072162156155234,69.0
56.48882902545352,65.57621105096065,0.8925623528335037,-0.0007184301926888881,69.10000000000001
56.551578002086366,65.65408233417591,0.892490664468299,-0.0007152388555916014,69.2
56.61433264227389,65.7319492450607,0.892419295150553,-0.0007120475503645548,69.3
56.67709292077125,65.80981180310431,0.8923482448781377,-0.0007088562771085464,69.4
56.73985881233362,65.88767002779603,0.8922775136489184,-0.0007056650359211151,69.5
56.802630291716184,65.96552393862521,0.8922071014607545,-0.0007024738268965499,69.60000000000001
56.86540733367409,66.04337355508109,0.8921370083114988,-0.0006992826501259109,69.7
56.928189912962516,66.12121889665303,0.8920672341989982,-0.0006960915056970384,69.8
56.990978004336654,66.1990599828303,0.891997779121094,-0.0006929003936945706,69.9
57.05377158255166,66.2768968331022,0.8919286430756216,-0.0006897093141999587,70.0
57.11657062236271,66.35472946695808,0.8918598260604116,-0.0006865182672914796,70.10000000000001
57.179375098524964,66.43255790388717,0.891791328073289,-0.0006833272530442524,70.2
57.2421849857936,66.51038216337882,0.8917231491120742,-0.0006801362715302523,70.3
57.305000258923805,66.58820226492233,0.8916552891745826,-0.0006769453228183246,70.4
57.36782089267072,66.66601822800699,0.8915877482586255,-0.0006737544069742021,70.5
57.43064686178953,66.74383007212212,0.8915205263620095,-0.0006705635240605152,70.60000000000001
57.493478141035425,66.82163781675702,0.8914536234825376,-0.0006673726741368126,70.7
57.556314705163544,66.89944148140097,0.8913870396180085,-0.0006641818572595703,70.8
57.61915652892909,66.97724108554328,0.8913207747662173,-0.0006609910734822091,70.9
57.682003587087216,67.05503664867328,0.8912548289249559,-0.0006578003228551113,71.0
57.7448558543931,67.13282819028025,0.8911892020920127,-0.0006546096054256297,71.10000000000001
57.807713305601894,67.2106157298535,0.8911238942651729,-0.0006514189212381088,71.2
57.8705759154688,67.28839928688234,0.8910589054422192,-0.0006482282703338943,71.3
57.93344365874897,67.36617888085604,0.8909942356209316,-0.0006450376527513506,71.4
57.99631651019758,67.44395453126396,0.8909298847990873,-0.0006418470685258756,71.5
58.05919444456981,67.52172625759536,0.8908658529744615,-0.0006386565176899134,71.60000000000001
58.12207743662081,67.59949407933955,0.8908021401448272,-0.0006354660002729719,71.7
58.184965461105776,67.67725801598583,0.8907387463079558,-0.0006322755163016344,71.8
58.24785849277986,67.75501808702352,0.8906756714616165,-0.0006290850657995759,71.9
58.31075650639825,67.8327743119419,0.8906129156035776,-0.0006258946487875788,72.0
58.373659476716114,67.9105267102303,0.8905504787316058,-0.0006227042652835452,72.10000000000001
58.43656737848859,67.988275301378,0.8904883608434665,-0.0006195139153025138,72.2
58.4994801864709,68.06602010487433,0.8904265619369247,-0.0006163235988566732,72.3
58.562397875418206,68.14376114020855,0.8903650820097441,-0.0006131333159553774,72.4
58.62532042008564,68.22149842687001,0.8903039210596883,-0.0006099430666051597,72.5
58.68824779522841,68.29923198434798,0.8902430790845204,-0.0006067528508097482,72.60000000000001
58.75117997560168,68.37696183213177,0.8901825560820034,-0.0006035626685700808,72.7
58.81411693596063,68.45468798971069,0.8901223520499001,-0.0006003725198843178,72.8
58.87705865106041,68.53241047657406,0.8900624669859739,-0.0005971824047478591,72.9
58.94000509565618,68.61012931221114,0.8900029008879881,-0.0005939923231533578,73.0
59.002956244503174,68.68784451611127,0.8899436537537071,-0.0005908022750907341,73.10000000000001
59.065912072356504,68.76555610776374,0.8898847255808957,-0.0005876122605471927,73.2
59.12887255397135,68.84326410665784,0.8898261163673197,-0.0005844222795072339,73.3
59.191837664102906,68.9209685322829,0.8897678261107459,-0.0005812323319526701,73.4
59.254807377506324,68.99866940412821,0.8897098548089429,-0.0005780424178626413,73.5
59.317781668936796,69.07636674168306,0.8896522024596805,-0.0005748525372136279,73.60000000000001
59.38076051314947,69.15406056443676,0.8895948690607295,-0.0005716626899794676,73.7
59.44374388489952,69.23175089187863,0.8895378546098637,-0.000568472876131368,73.8
59.50673175894214,69.30943774349798,0.8894811591048578,-0.0005652830956379212,73.9
59.56972411003248,69.38712113878407,0.8894247825434896,-0.0005620933484651219,74.0
59.63272091292571,69.46480109722624,0.8893687249235385,-0.0005589036345763774,74.10000000000001
59.695722142377015,69.54247763831377,0.889312986242787,-0.0005557139539325252,74.2
59.758727773141565,69.62015078153598,0.8892575664990201,-0.0005525243064918476,74.3
59.821737779974534,69.69782054638218,0.8892024656900253,-0.0005493346922100838,74.4
59.88475213763107,69.77548695234164,0.8891476838135935,-0.0005461451110404493,74.5
59.94777082086637,69.85315001890369,0.889093220867519,-0.0005429555629336449,74.60000000000001
60.01079380443559,69.9308097655576,0.8890390768495989,-0.0005397660478378771,74.7
60.07382106309391,70.00846621179274,0.8889852517576342,-0.0005365765656988671,74.8
60.1368525715965,70.08611937709837,0.8889317455894297,-0.0005333871164598701,74.9
60.199888304698526,70.16376928096376,0.8888785583427936,-0.0005301977000616879,75.0
60.26292823715519,70.24141594287829,0.8888256900155386,-0.0005270083164426827,75.10000000000001
60.3259723437216,70.31905938233118,0.8887731406054814,-0.0005238189655387949,75.2
60.38902059915298,70.39669961881181,0.8887209101104427,-0.0005206296472835542,75.3
60.45207297820449,70.47433667180943,0.8886689985282487,-0.0005174403616080957,75.4
60.51512945563129,70.55197056081336,0.8886174058567288,-0.0005142511084411758,75.5
60.578190006188564,70.62960130531292,0.8885661320937187,-0.0005110618877091846,75.60000000000001
60.64125460463148,70.70722892479738,0.888515177237058,-0.000507872699336163,75.7
60.70432322571521,70.78485343875604,0.8884645412845921,-0.0005046835432438148,75.8
60.76739584419493,70.86247486667827,0.8884142242341714,-0.0005014944193515228,75.9
60.83047243482577,70.94009322805329,0.8883642260836517,-0.000498305327576364,76.0
60.893552972362976,71.01770854237046,0.8883145468308945,-0.0004951162678331227,76.10000000000001
60.95663743156166,71.09532082911906,0.8882651864737672,-0.0004919272400343071,76.2
61.019725787177016,71.17293010778839,0.8882161450101427,-0.0004887382440901616,76.3
61.08281801396422,71.25053639786775,0.8881674224379004,-0.0004855492799086823,76.4
61.145914086678424,71.32813971884646,0.8881190187549256,-0.00048236034739563465,76.5
61.20901398007483,71.40574009021383,0.8880709339591102,-0.00047917144645456193,76.60000000000001
61.27211766890858,71.48333753145911,0.8880231680483524,-0.0004759825769868066,76.7
61.33522512793485,71.56093206207167,0.8879757210205569,-0.00047279373889151915,76.80000000000001
61.398336331908816,71.63852370154078,0.8879285928736357,-0.00046960493206567804,76.9
61.46145125558566,71.71611246935575,0.8878817836055073,-0.0004664161564040994,77.0
61.524569873720544,71.79369838500588,0.8878352932140974,-0.0004632274117994543,77.10000000000001
61.58769216106864,71.87128146798045,0.887789121697339,-0.0004600386981422847,77.2
61.650818092385116,71.94886173776881,0.8877432690531722,-0.00045685001532101444,77.30000000000001
61.713947642425154,72.02643921386023,0.8876977352795453,-0.0004536613632219673,77.4
61.77708078594391,72.104013915744,0.8876525203744133,-0.00045047274172937946,77.5
61.84021749769656,72.18158586290949,0.8876076243357396,-0.0004472841507254145,77.60000000000001
61.90335775243829,72.25915507484592,0.8875630471614953,-0.0004440955900901794,77.7
61.966501524924254,72.33672157104266,0.8875187888496597,-0.0004409070597017374,77.80000000000001
62.02964878990963,72.41428537098898,0.8874748493982201,-0.0004377185594361244,77.9
62.09279952214959,72.49184649417417,0.8874312288051724,-0.0004345300891673615,78.0
62.15595369639931,72.56940496008757,0.8873879270685207,-0.00043134164876747075,78.10000000000001
62.21911128741395,72.64696078821845,0.8873449441862776,-0.0004281532381064908,78.2
62.28227226994869,72.72451399805614,0.887302280156465,-0.00042496485705248964,78.30000000000001
62.3454366187587,72.80206460908991,0.8872599349771131,-0.0004217765054715802,78.4
62.408604308599145,72.87961264080909,0.8872179086462614,-0.00041858818322793506,78.5
62.471775314225226,72.95715811270298,0.8871762011619582,-0.00041539989018380015,78.60000000000001
62.534949610392054,73.03470104426088,0.8871348125222612,-0.0004122116261995115,78.7
62.59812717185486,73.11224145497211,0.8870937427252378,-0.00040902339113350655,78.80000000000001
62.661307973368785,73.18977936432591,0.8870529917689643,-0.0004058351848423429,78.9
62.72449198968901,73.26731479181166,0.887012559651527,-0.0004026470071807084,79.0
62.787679195570696,73.34484775691863,0.8869724463710221,-0.0003994588580014389,79.10000000000001
62.85086956576903,73.42237827913613,0.8869326519255553,-0.00039627073715553274,79.2
62.91406307503919,73.49990637795344,0.8868931763132422,-0.00039308264449216347,79.30000000000001
62.977259698136315,73.57743207285988,0.8868540195322091,-0.0003898945798586969,79.4
63.04045940981559,73.65495538334476,0.8868151815805919,-0.00038670654310070314,79.5
63.1036621848322,73.73247632889739,0.8867766624565375,-0.0003835185340619729,79.60000000000001
63.16686799794132,73.80999492900705,0.8867384621582025,-0.000380330552584532,79.7
63.230076823898095,73.88751120316304,0.8867005806837548,-0.00037714259850865514,79.80000000000001
63.2932886374577,73.96502517085469,0.8866630180313725,-0.00037395467167288226,79.9
63.35650341337533,74.04253685157127,0.8866257741992449,-0.0003707667719140301,80.0
63.41972112640616,74.12004626480213,0.886588849185572,-0.00036757889906720927,80.10000000000001
63.482941751305326,74.19755343003652,0.8865522429885648,-0.00036439105296583933,80.2
63.54616526282801,74.2750583667638,0.8865159556064455,-0.0003612032334416603,80.30000000000001
63.6093916357294,74.35256109447323,0.8864799870374479,-0.0003580154403247512,80.4
63.672620844764666,74.43006163265412,0.886444337279817,-0.0003548276734435414,80.5
63.73585286468897,74.50756000079576,0.8864090063318089,-0.0003516399326248258,80.60000000000001
63.799087670257485,74.58505621838749,0.8863739941916916,-0.00034845221769378256,80.7
63.86232523622539,74.66255030491858,0.8863393008577449,-0.00034526452847398215,80.80000000000001
63.92556553734784,74.74004227987837,0.8863049263282606,-0.000342076864787408,80.9
63.988808548380014,74.81753216275611,0.8862708706015417,-0.00033888922645446574,81.0
64.05205424407708,74.89501997304116,0.8862371336759041,-0.00033570161329400086,81.10000000000001
64.11530259919424,74.97250573022279,0.886203715549675,-0.00033251402512331376,81.2
64.17855358848662,75.0499894537903,0.8861706162211946,-0.000329326461758171,81.30000000000001
64.24180718670941,75.127471163233,0.886137835688815,-0.0003261389230128246,81.4
64.3050633686178,75.2049508780402,0.8861053739509006,-0.00032295140870002167,81.5
64.36832210896694,75.28242861770119,0.8860732310058288,-0.00031976391863102274,81.60000000000001
64.431583382512,75.35990440170531,0.8860414068519891,-0.00031657645261561485,81.7
64.49484716400815,75.43737824954181,0.8860099014877841,-0.000313389010462126,81.80000000000001
64.55811342821058,75.51485018070002,0.8859787149116293,-0.0003102015919774406,81.9
64.62138214987445,75.59232021466923,0.8859478471219527,-0.00030701419696701245,82.0
64.68465330375494,75.66978837093878,0.8859172981171957,-0.0003038268252348809,82.10000000000001
64.7479268646072,75.74725466899791,0.8858870678958127,-0.00030063947658368545,82.2
64.81120280718642,75.824719128336,0.885857156456271,-0.0002974521508146781,82.30000000000001
64.87448110624776,75.90218176844228,0.8858275637970521,-0.0002942648477277419,82.4
64.9377617365464,75.97964260880612,0.8857982899166496,-0.00029107756712140094,82.5
65.00104467283752,76.05710166891677,0.8857693348135713,-0.00028789030879283794,82.60000000000001
65.06432988987628,76.13455896826353,0.885740698486339,-0.0002847030725379088,82.7
65.12761736241785,76.21201452633576,0.8857123809334873,-0.00028151585815115493,82.80000000000001
65.19090706521739,76.2894683626227,0.8856843821535649,-0.0002783286654258213,82.9
65.2541989730301,76.3669204966137,0.8856567021451345,-0.0002751414941538669,83.0
65.31749306061113,76.44437094779805,0.8856293409067725,-0.00027195434412598203,83.10000000000001
65.38078930271566,76.52181973566502,0.8856022984370691,-0.00026876721513160377,83.2
65.44408767409885,76.59926687970396,0.8855755747346289,-0.0002655801069589263,83.30000000000001
65.50738814951589,76.67671239940415,0.885549169798071,-0.0002623930193949209,83.4
65.57069070372192,76.7541563142549,0.8855230836260279,-0.0002592059522253461,83.5
65.63399531147218,76.83159864374552,0.885497316217147,-0.0002560189052347636,83.60000000000001
65.69730194752175,76.90903940736528,0.8854718675700898,-0.00025283187820655497,83.7
65.76061058662587,76.98647862460352,0.8854467376835327,-0.00024964487092293277,83.80000000000001
65.8239212035397,77.06391631494951,0.885421926556166,-0.00024645788316495767,83.9
65.88723377301837,77.14135249789258,0.8853974341866956,-0.00024327091471255146,84.0
65.95054826981709,77.21878719292204,0.885373260573841,-0.000240083965344512,84.10000000000001
66.01386466869101,77.29622041952719,0.8853494057163374,-0.0002368970348385295,84.2
66.07718294439533,77.3736521971973,0.8853258696129342,-0.0002337101229711974,84.30000000000001
66.14050307168522,77.45108254542168,0.8853026522623964,-0.0002305232295180309,84.4
66.20382502531581,77.52851148368967,0.8852797536635031,-0.00022733635425347908,84.5
66.2671487800423,77.60593903149055,0.8852571738150492,-0.000224149496950939,84.60000000000001
66.33047431061986,77.6833652083136,0.8852349127158449,-0.00022096265738277346,84.7
66.39380159180368,77.76079003364816,0.8852129703647148,-0.00021777583532032137,84.80000000000001
66.4571305983489,77.83821352698352,0.8851913467604995,-0.00021458903053391586,84.9
66.52046130501068,77.915635707809,0.8851700419020545,-0.00021140224279289635,85.0
66.58379368654425,77.99305659561387,0.8851490557882511,-0.0002082154718656239,85.10000000000001
66.64712771770473,78.07047620988745,0.8851283884179757,-0.0002050287175194972,85.2
66.71046337324732,78.14789457011905,0.8851080397901303,-0.0002018419795209637,85.30000000000001
66.77380062792716,78.22531169579794,0.8850880099036329,-0.00019865525763553915,85.4
66.83713945649944,78.30272760641347,0.8850682987574168,-0.0001954685516278167,85.5
66.90047983371936,78.38014232145494,0.8850489063504309,-0.0001922818612614843,85.60000000000001
66.96382173434203,78.45755586041159,0.8850298326816403,-0.00018909518629934094,85.7
67.02716513312268,78.53496824277278,0.8850110777500257,-0.0001859085265033068,85.80000000000001
67.09051000481645,78.61237948802783,0.8849926415545837,-0.000182721881634442,85.9
67.1538563241785,78.68978961566597,0.884974524094327,-0.0001795352514529581,86.0
67.21720406596404,78.76719864517658,0.884956725368284,-0.00017634863571823408,86.10000000000001
67.28055320492821,78.8446065960489,0.8849392453754996,-0.00017316203418883154,86.2
67.34390371582622,78.92201348777229,0.8849220841150347,-0.000169975446622507,86.30000000000001
67.40725557341317,78.99941933983602,0.8849052415859661,-0.00016678887277622913,86.4
67.4706087524443,79.07682417172937,0.884888717787387,-0.00016360231240619097,86.5
67.53396322767475,79.15422800294171,0.884872512718407,-0.00016041576526782536,86.60000000000001
67.5973189738597,79.2316308529623,0.884856626378152,-0.00015722923111582116,86.7
67.66067596575432,79.30903274128043,0.8848410587657641,-0.00015404270970413353,86.80000000000001
67.72403417811377,79.38643368738545,0.8848258098804022,-0.00015085620078600384,86.9
67.78739358569324,79.4638337107666,0.884810879721241,-0.00014766970411396983,87.0
67.8507541632479,79.54123283091323,0.8847962682874725,-0.00014448321943988124,87.10000000000001
67.91411588553291,79.61863106731464,0.8847819755783048,-0.00014129674651491698,87.2
67.97747872730343,79.69602843946012,0.884768001592963,-0.0001381102850895956,87.30000000000001
68.04084266331468,79.77342496683895,0.8847543463306881,-0.00013492383491379317,87.4
68.10420766832176,79.85082066894049,0.8847410097907387,-0.00013173739573675547,87.5
68.1675737170799,79.92821556525402,0.8847279919723897,-0.00012855096730711338,87.60000000000001
68.23094078434427,80.0056096752688,0.8847152928749326,-0.00012536454937289861,87.7
68.29430884487002,80.0830030184742,0.8847029124976762,-0.00012217814168155567,87.80000000000001
68.3576778734123,80.16039561435947,0.8846908508399457,-0.00011899174397995956,87.9
68.42104784472632,80.23778748241395,0.8846791079010835,-0.00011580535601442681,88.0
68.48441873356724,80.31517864212694,0.8846676836804487,-0.00011261897753073217,88.10000000000001
68.54779051469022,80.39256911298769,0.8846565781774178,-0.00010943260827412431,88.2
68.61116316285045,80.46995891448557,0.8846457913913838,-0.00010624624798933612,88.30000000000001
68.67453665280308,80.54734806610986,0.884635323321757,-0.00010305989642060455,88.4
68.73791095930329,80.62473658734986,0.8846251739679646,-9.987355331168054e-05,88.5
68.80128605710628,80.70212449769487,0.8846153433294512,-9.668721840584603e-05,88.60000000000001
68.86466192096718,80.7795118166342,0.8846058314056783,-9.35008914459285e-05,88.7
68.92803852564118,80.85689856365714,0.8845966381961243,-9.031457217431385e-05,88.80000000000001
68.99141584588345,80.93428475825301,0.8845877637002859,-8.712826033296306e-05,88.9
69.05479385644915,81.01167041991108,0.8845792079176754,-8.394195566342493e-05,89.0
69.1181725320935,81.08905556812071,0.8845709708478237,-8.07556579068511e-05,89.10000000000001
69.18155184757158,81.16644022237118,0.8845630524902782,-7.756936680401178e-05,89.2
69.24493177763866,81.24382440215177,0.884555452844604,-7.438308209530782e-05,89.30000000000001
69.30831229704985,81.32120812695179,0.8845481719103833,-7.119680352078847e-05,89.4
69.37169338056033,81.39859141626054,0.8845412096872157,-6.801053082016278e-05,89.5
69.43507500292529,81.47597428956736,0.8845345661747182,-6.482426373281486e-05,89.60000000000001
69.49845713889987,81.55335676636153,0.8845282413725253,-6.163800199782108e-05,89.7
69.56183976323929,81.63073886613235,0.8845222352802885,-5.845174535396039e-05,89.80000000000001
69.62522285069868,81.7081206083691,0.8845165478976774,-5.526549353973252e-05,89.9
69.68860637603323,81.78550201256111,0.8845111792243784,-5.2079246293369875e-05,90.0
69.75199031399809,81.8628830981977,0.8845061292600958,-4.8893003352852956e-05,90.10000000000001
69.81537463934846,81.94026388476813,0.884501398004551,-4.570676445592625e-05,90.2
69.87875932683951,82.01764439176175,0.8844969854574832,-4.2520529340109695e-05,90.30000000000001
69.94214435122637,82.09502463866782,0.8844928916186493,-3.933429774271737e-05,90.4
70.00552968726427,82.17240464497566,0.884489116487823,-3.614806940086734e-05,90.5
70.06891530970834,82.24978443017459,0.8844856600647962,-3.2961844051499055e-05,90.60000000000001
70.13230119331378,82.32716401375389,0.884482522349378,-2.9775621431388883e-05,90.7
70.19568731283573,82.40454341520287,0.8844797033413954,-2.6589401277160398e-05,90.80000000000001
70.25907364302938,82.48192265401083,0.8844772030406924,-2.340318332530416e-05,90.9
70.3224601586499,82.55930174966709,0.8844750214471313,-2.021696731218777e-05,91.0
70.38584683445247,82.63668072166095,0.8844731585605915,-1.703075297407262e-05,91.10000000000001
70.44923364519224,82.71405958948165,0.8844716143809698,-1.3844540047128673e-05,91.2
70.51262056562442,82.79143837261859,0.8844703889081814,-1.0658328267447342e-05,91.30000000000001
70.57600757050412,82.86881709056104,0.8844694821421581,-7.472117371057924e-06,91.4
70.63939463458654,82.94619576279825,0.8844688940828502,-4.285907093940523e-06,91.5
70.70278173262689,83.0235744088196,0.884468624730225,-1.0996971720409214e-06,91.60000000000001
