90.16043625,117.2855829,-2.212018991,0,0
90.10061869,117.2054464,-2.212018991,0,0.1
90.04080112,117.1253099,-2.212018991,0,0.2
89.98098355,117.0451734,-2.212018991,0,0.3
89.92116598,116.9650369,-2.212018991,0,0.4
89.86134841,116.8849004,-2.212018991,0,0.5
89.80153084,116.8047639,-2.212018991,0,0.6
89.74171327,116.7246274,-2.212018991,0,0.7
89.6818957,116.6444909,-2.212018991,0,0.8
89.62207813,116.5643544,-2.212018991,0,0.9
89.56226057,116.4842179,-2.212018991,0,1
89.502443,116.4040814,-2.212018991,0,1.1
89.44262543,116.3239449,-2.212018991,0,1.2
89.38280786,116.2438084,-2.212018991,0,1.3
89.32299029,116.1636719,-2.212018991,0,1.4
89.26317272,116.0835354,-2.212018991,0,1.5
89.20335515,116.0033989,-2.212018991,0,1.6
89.14353758,115.9232624,-2.212018991,0,1.7
89.08372001,115.8431259,-2.212018991,0,1.8
89.02390245,115.7629894,-2.212018991,0,1.9
88.96408488,115.6828529,-2.212018991,0,2
88.90426731,115.6027164,-2.212018991,0,2.1
88.84444974,115.5225799,-2.212018991,0,2.2
88.78463217,115.4424434,-2.212018991,0,2.3
88.7248146,115.3623069,-2.212018991,0,2.4
88.66499703,115.2821704,-2.212018991,0,2.5
88.60517946,115.2020339,-2.212018991,0,2.6
88.54536189,115.1218974,-2.212018991,0,2.7
88.48554433,115.0417609,-2.212018991,0,2.8
88.42572676,114.9616244,-2.212018991,0,2.9
88.36590919,114.8814879,-2.212018991,0,3
88.30609162,114.8013514,-2.212018991,0,3.1
88.24627405,114.7212149,-2.212018991,0,3.2
88.18645648,114.6410784,-2.212018991,0,3.3
88.12663891,114.5609419,-2.212018991,0,3.4
88.06682134,114.4808054,-2.212018991,0,3.5
88.00700377,114.4006689,-2.212018991,0,3.6
87.94718621,114.3205324,-2.212018991,0,3.7
87.88736864,114.2403959,-2.212018991,0,3.8
87.82755107,114.1602594,-2.212018991,0,3.9
87.7677335,114.0801229,-2.212018991,0,4
87.70791593,113.9999864,-2.212018991,0,4.1
87.64809836,113.9198499,-2.212018991,0,4.2
87.58828079,113.8397134,-2.212018991,0,4.3
87.52846322,113.7595769,-2.212018991,0,4.4
87.46864565,113.6794404,-2.212018991,0,4.5
87.40882809,113.5993039,-2.212018991,0,4.6
87.34901052,113.5191674,-2.212018991,0,4.7
87.28919295,113.4390309,-2.212018991,0,4.8
87.22937538,113.3588944,-2.212018991,0,4.9
87.16955781,113.2787579,-2.212018991,0,5
87.10974024,113.1986214,-2.212018991,0,5.1
87.04992267,113.118485,-2.212018991,0,5.2
86.9901051,113.0383485,-2.212018991,0,5.3
86.93028754,112.958212,-2.212018991,0,5.4
86.87046997,112.8780755,-2.212018991,0,5.5
86.8106524,112.797939,-2.212018991,0,5.6
86.75083483,112.7178025,-2.212018991,0,5.7
86.69101726,112.637666,-2.212018991,0,5.8
86.63119969,112.5575295,-2.212018991,0,5.9
86.57138212,112.477393,-2.212018991,0,6
86.51156455,112.3972565,-2.212018991,0,6.1
86.45174698,112.31712,-2.212018991,0,6.2
86.39192942,112.2369835,-2.212018991,0,6.3
86.33211185,112.156847,-2.212018991,0,6.4
86.27229428,112.0767105,-2.212018991,0,6.5
86.21247671,111.996574,-2.212018991,0,6.6
86.15265914,111.9164375,-2.212018991,0,6.7
86.09284157,111.836301,-2.212018991,0,6.8
86.033024,111.7561645,-2.212018991,0,6.9
85.97320643,111.676028,-2.212018991,0,7
85.91338886,111.5958915,-2.212018991,0,7.1
85.8535713,111.515755,-2.212018991,0,7.2
85.79375373,111.4356185,-2.212018991,0,7.3
85.73393616,111.355482,-2.212018991,0,7.4
85.67411859,111.2753455,-2.212018991,0,7.5
85.61430102,111.195209,-2.212018991,0,7.6
85.55448345,111.1150725,-2.212018991,0,7.7
85.49466588,111.034936,-2.212018991,0,7.8
85.43484831,110.9547995,-2.212018991,0,7.9
85.37503074,110.874663,-2.212018991,0,8
85.31521318,110.7945265,-2.212018991,0,8.1
85.25539561,110.71439,-2.212018991,0,8.2
85.19557804,110.6342535,-2.212018991,0,8.3
85.13576047,110.554117,-2.212018991,0,8.4
85.0759429,110.4739805,-2.212018991,0,8.5
85.01612533,110.393844,-2.212018991,0,8.6
84.95630776,110.3137075,-2.212018991,0,8.7
84.89649019,110.233571,-2.212018991,0,8.8
84.83667262,110.1534345,-2.212018991,0,8.9
84.77685506,110.073298,-2.212018991,0,9
84.71703749,109.9931615,-2.212018991,0,9.1
84.65721992,109.913025,-2.212018991,0,9.2
84.59740235,109.8328885,-2.212018991,0,9.3
84.53758478,109.752752,-2.212018991,0,9.4
84.47776721,109.6726155,-2.212018991,0,9.5
84.41794964,109.592479,-2.212018991,0,9.6
84.35813207,109.5123425,-2.212018991,0,9.7
84.2983145,109.432206,-2.212018991,0,9.8
84.23849694,109.3520695,-2.212018991,0,9.9
84.17867937,109.271933,-2.212018991,0,10
84.1188618,109.1917965,-2.212018991,0,10.1
84.05904423,109.11166,-2.212018991,0,10.2
83.99922666,109.0315235,-2.212018991,0,10.3
83.93940909,108.951387,-2.212018991,0,10.4
83.87959152,108.8712505,-2.212018991,0,10.5
83.81977395,108.791114,-2.212018991,0,10.6
83.75995638,108.7109775,-2.212018991,0,10.7
83.70013882,108.630841,-2.212018991,0,10.8
83.64032125,108.5507045,-2.212018991,0,10.9
83.58050368,108.470568,-2.212018991,0,11
83.52068611,108.3904315,-2.212018991,0,11.1
83.46086854,108.310295,-2.212018991,0,11.2
83.40105097,108.2301585,-2.212018991,0,11.3
83.3412334,108.150022,-2.212018991,0,11.4
83.28141583,108.0698855,-2.212018991,0,11.5
83.22159826,107.989749,-2.212018991,0,11.6
83.1617807,107.9096125,-2.212018991,0,11.7
83.10196313,107.829476,-2.212018991,0,11.8
83.04214556,107.7493395,-2.212018991,0,11.9
82.98232799,107.669203,-2.212018991,0,12
82.92251042,107.5890665,-2.212018991,0,12.1
82.86269285,107.50893,-2.212018991,0,12.2
82.80287528,107.4287935,-2.212018991,0,12.3
82.74305771,107.348657,-2.212018991,0,12.4
82.68324015,107.2685205,-2.212018991,0,12.5
82.62342258,107.188384,-2.212018991,0,12.6
82.56360501,107.1082475,-2.212018991,0,12.7
82.50378744,107.028111,-2.212018991,0,12.8
82.44396987,106.9479745,-2.212018991,0,12.9
82.3841523,106.867838,-2.212018991,0,13
82.32433473,106.7877015,-2.212018991,0,13.1
82.26451716,106.707565,-2.212018991,0,13.2
82.20469959,106.6274285,-2.212018991,0,13.3
82.14488203,106.547292,-2.212018991,0,13.4
82.08506446,106.4671555,-2.212018991,0,13.5
82.02524689,106.387019,-2.212018991,0,13.6
81.96542932,106.3068825,-2.212018991,0,13.7
81.90561175,106.226746,-2.212018991,0,13.8
81.84579418,106.1466095,-2.212018991,0,13.9
81.78597661,106.066473,-2.212018991,0,14
81.72615904,105.9863365,-2.212018991,0,14.1
81.66634147,105.9062001,-2.212018991,0,14.2
81.60652391,105.8260636,-2.212018991,0,14.3
81.54670634,105.7459271,-2.212018991,0,14.4
81.48688877,105.6657906,-2.212018991,0,14.5
81.4270712,105.5856541,-2.212018991,0,14.6
81.36725363,105.5055176,-2.212018991,0,14.7
81.30743606,105.4253811,-2.212018991,0,14.8
81.24761849,105.3452446,-2.212018991,0,14.9
81.18780092,105.2651081,-2.212018991,0,15
81.12798335,105.1849716,-2.212018991,0,15.1
81.06816579,105.1048351,-2.212018991,0,15.2
81.00834822,105.0246986,-2.212018991,0,15.3
80.94853065,104.9445621,-2.212018991,0,15.4
80.88871308,104.8644256,-2.212018991,0,15.5
80.82889551,104.7842891,-2.212018991,0,15.6
80.76907794,104.7041526,-2.212018991,0,15.7
80.70926037,104.6240161,-2.212018991,0,15.8
80.6494428,104.5438796,-2.212018991,0,15.9
80.58962523,104.4637431,-2.212018991,0,16
80.52980767,104.3836066,-2.212018991,0,16.1
80.4699901,104.3034701,-2.212018991,0,16.2
80.41017253,104.2233336,-2.212018991,0,16.3
80.35035496,104.1431971,-2.212018991,0,16.4
80.29053739,104.0630606,-2.212018991,0,16.5
80.23071982,103.9829241,-2.212018991,0,16.6
80.17090225,103.9027876,-2.212018991,0,16.7
80.11108468,103.8226511,-2.212018991,0,16.8
80.05126711,103.7425146,-2.212018991,0,16.9
79.99144955,103.6623781,-2.212018991,0,17
79.93163198,103.5822416,-2.212018991,0,17.1
79.87181441,103.5021051,-2.212018991,0,17.2
79.81199684,103.4219686,-2.212018991,0,17.3
79.75217927,103.3418321,-2.212018991,0,17.4
79.6923617,103.2616956,-2.212018991,0,17.5
79.63254413,103.1815591,-2.212018991,0,17.6
79.57272656,103.1014226,-2.212018991,0,17.7
79.51290899,103.0212861,-2.212018991,0,17.8
79.45309143,102.9411496,-2.212018991,0,17.9
79.39327386,102.8610131,-2.212018991,0,18
79.33345629,102.7808766,-2.212018991,0,18.1
79.27363872,102.7007401,-2.212018991,0,18.2
79.21382115,102.6206036,-2.212018991,0,18.3
79.15400358,102.5404671,-2.212018991,0,18.4
79.09418601,102.4603306,-2.212018991,0,18.5
79.03436844,102.3801941,-2.212018991,0,18.6
78.97455087,102.3000576,-2.212018991,0,18.7
78.91473331,102.2199211,-2.212018991,0,18.8
78.85491574,102.1397846,-2.212018991,0,18.9
78.79509817,102.0596481,-2.212018991,0,19
78.7352806,101.9795116,-2.212018991,0,19.1
78.67546303,101.8993751,-2.212018991,0,19.2
78.61564546,101.8192386,-2.212018991,0,19.3
78.55582789,101.7391021,-2.212018991,0,19.4
78.49601032,101.6589656,-2.212018991,0,19.5
78.43619276,101.5788291,-2.212018991,0,19.6
78.37637519,101.4986926,-2.212018991,0,19.7
78.31655762,101.4185561,-2.212018991,0,19.8
78.25674005,101.3384196,-2.212018991,0,19.9
78.19692248,101.2582831,-2.212018991,0,20
78.13710491,101.1781466,-2.212018991,0,20.1
78.07728734,101.0980101,-2.212018991,0,20.2
78.01746977,101.0178736,-2.212018991,0,20.3
77.9576522,100.9377371,-2.212018991,0,20.4
77.89783464,100.8576006,-2.212018991,0,20.5
77.83801707,100.7774641,-2.212018991,0,20.6
77.7781995,100.6973276,-2.212018991,0,20.7
77.71838193,100.6171911,-2.212018991,0,20.8
77.65856436,100.5370546,-2.212018991,0,20.9
77.59874679,100.4569181,-2.212018991,0,21
77.53892922,100.3767816,-2.212018991,0,21.1
77.47911165,100.2966451,-2.212018991,0,21.2
77.41929408,100.2165086,-2.212018991,0,21.3
77.35947652,100.1363721,-2.212018991,0,21.4
77.29965895,100.0562356,-2.212018991,0,21.5
77.23984138,99.97609913,-2.212018991,0,21.6
77.18002381,99.89596263,-2.212018991,0,21.7
77.12020624,99.81582613,-2.212018991,0,21.8
77.06038867,99.73568964,-2.212018991,0,21.9
77.0005711,99.65555314,-2.212018991,0,22
76.94075353,99.57541664,-2.212018991,0,22.1
76.88093596,99.49528014,-2.212018991,0,22.2
76.8211184,99.41514364,-2.212018991,0,22.3
76.76130083,99.33500714,-2.212018991,0,22.4
76.70148326,99.25487064,-2.212018991,0,22.5
76.64166569,99.17473414,-2.212018991,0,22.6
76.58184812,99.09459764,-2.212018991,0,22.7
76.52203055,99.01446115,-2.212018991,0,22.8
76.46221298,98.93432465,-2.212018991,0,22.9
76.40239541,98.85418815,-2.212018991,0,23
76.34257784,98.77405165,-2.212018991,0,23.1
76.28276028,98.69391515,-2.212018991,0,23.2
76.22294271,98.61377865,-2.212018991,0,23.3
76.16312514,98.53364215,-2.212018991,0,23.4
76.10330757,98.45350565,-2.212018991,0,23.5
76.04349,98.37336915,-2.212018991,0,23.6
75.98367243,98.29323266,-2.212018991,0,23.7
75.92385486,98.21309616,-2.212018991,0,23.8
75.86403729,98.13295966,-2.212018991,0,23.9
75.80421972,98.05282316,-2.212018991,0,24
75.74440216,97.97268666,-2.212018991,0,24.1
75.68458459,97.89255016,-2.212018991,0,24.2
75.62476702,97.81241366,-2.212018991,0,24.3
75.56494945,97.73227716,-2.212018991,0,24.4
75.50513188,97.65214066,-2.212018991,0,24.5
75.44531431,97.57200417,-2.212018991,0,24.6
75.38549674,97.49186767,-2.212018991,0,24.7
75.32567917,97.41173117,-2.212018991,0,24.8
75.2658616,97.33159467,-2.212018991,0,24.9
75.20604404,97.25145817,-2.212018991,0,25
75.14622647,97.17132167,-2.212018991,0,25.1
75.0864089,97.09118517,-2.212018991,0,25.2
75.02659133,97.01104867,-2.212018991,0,25.3
74.96677376,96.93091217,-2.212018991,0,25.4
74.90695619,96.85077568,-2.212018991,0,25.5
74.84713862,96.77063918,-2.212018991,0,25.6
74.78732105,96.69050268,-2.212018991,0,25.7
74.72750348,96.61036618,-2.212018991,0,25.8
74.66768592,96.53022968,-2.212018991,0,25.9
74.60786835,96.45009318,-2.212018991,0,26
74.54805078,96.36995668,-2.212018991,0,26.1
74.48823321,96.28982018,-2.212018991,0,26.2
74.42841564,96.20968368,-2.212018991,0,26.3
74.36859807,96.12954719,-2.212018991,0,26.4
74.3087805,96.04941069,-2.212018991,0,26.5
74.24896293,95.96927419,-2.212018991,0,26.6
74.18914537,95.88913769,-2.212018991,0,26.7
74.1293278,95.80900119,-2.212018991,0,26.8
74.06951023,95.72886469,-2.212018991,0,26.9
74.00969266,95.64872819,-2.212018991,0,27
73.94987509,95.56859169,-2.212018991,0,27.1
73.89005752,95.48845519,-2.212018991,0,27.2
73.83023995,95.4083187,-2.212018991,0,27.3
73.77042238,95.3281822,-2.212018991,0,27.4
73.71060481,95.2480457,-2.212018991,0,27.5
73.65078725,95.1679092,-2.212018991,0,27.6
73.59096968,95.0877727,-2.212018991,0,27.7
73.53115211,95.0076362,-2.212018991,0,27.8
73.47133454,94.9274997,-2.212018991,0,27.9
73.41151697,94.8473632,-2.212018991,0,28
73.3516994,94.7672267,-2.212018991,0,28.1
73.29188183,94.68709021,-2.212018991,0,28.2
73.23206426,94.60695371,-2.212018991,0,28.3
73.17224669,94.52681721,-2.212018991,0,28.4
73.11242913,94.44668071,-2.212018991,0,28.5
73.05261156,94.36654421,-2.212018991,0,28.6
72.99279399,94.28640771,-2.212018991,0,28.7
72.93297642,94.20627121,-2.212018991,0,28.8
72.87315885,94.12613471,-2.212018991,0,28.9
72.81334128,94.04599821,-2.212018991,0,29
72.75352371,93.96586172,-2.212018991,0,29.1
72.69370614,93.88572522,-2.212018991,0,29.2
72.63388857,93.80558872,-2.212018991,0,29.3
72.57407101,93.72545222,-2.212018991,0,29.4
72.51425344,93.64531572,-2.212018991,0,29.5
72.45443587,93.56517922,-2.212018991,0,29.6
72.3946183,93.48504272,-2.212018991,0,29.7
72.33480073,93.40490622,-2.212018991,0,29.8
72.27498316,93.32476972,-2.212018991,0,29.9
72.21516559,93.24463323,-2.212018991,0,30
72.15534802,93.16449673,-2.212018991,0,30.1
72.09553045,93.08436023,-2.212018991,0,30.2
72.03571289,93.00422373,-2.212018991,0,30.3
71.97589532,92.92408723,-2.212018991,0,30.4
71.91607775,92.84395073,-2.212018991,0,30.5
71.85626018,92.76381423,-2.212018991,0,30.6
71.79644261,92.68367773,-2.212018991,0,30.7
71.73662504,92.60354123,-2.212018991,0,30.8
71.67680747,92.52340474,-2.212018991,0,30.9
71.6169899,92.44326824,-2.212018991,0,31
71.55717233,92.36313174,-2.212018991,0,31.1
71.49735477,92.28299524,-2.212018991,0,31.2
71.4375372,92.20285874,-2.212018991,0,31.3
71.37771963,92.12272224,-2.212018991,0,31.4
71.31790206,92.04258574,-2.212018991,0,31.5
71.25808449,91.96244924,-2.212018991,0,31.6
71.19826692,91.88231274,-2.212018991,0,31.7
71.13844935,91.80217625,-2.212018991,0,31.8
71.07863178,91.72203975,-2.212018991,0,31.9
71.01881421,91.64190325,-2.212018991,0,32
70.95899665,91.56176675,-2.212018991,0,32.1
70.89917908,91.48163025,-2.212018991,0,32.2
70.83936151,91.40149375,-2.212018991,0,32.3
70.77954394,91.32135725,-2.212018991,0,32.4
70.71972637,91.24122075,-2.212018991,0,32.5
70.6599088,91.16108425,-2.212018991,0,32.6
70.60009123,91.08094776,-2.212018991,0,32.7
70.54027366,91.00081126,-2.212018991,0,32.8
70.48045609,90.92067476,-2.212018991,0,32.9
70.42063853,90.84053826,-2.212018991,0,33
70.36082096,90.76040176,-2.212018991,0,33.1
70.30100339,90.68026526,-2.212018991,0,33.2
70.24118582,90.60012876,-2.212018991,0,33.3
70.18136825,90.51999226,-2.212018991,0,33.4
70.12155068,90.43985576,-2.212018991,0,33.5
70.06173311,90.35971927,-2.212018991,0,33.6
70.00191554,90.27958277,-2.212018991,0,33.7
69.94209798,90.19944627,-2.212018991,0,33.8
69.88228041,90.11930977,-2.212018991,0,33.9
69.82246284,90.03917327,-2.212018991,0,34
69.76264527,89.95903677,-2.212018991,0,34.1
69.7028277,89.87890027,-2.212018991,0,34.2
69.64301013,89.79876377,-2.212018991,0,34.3
69.58319256,89.71862727,-2.212018991,0,34.4
69.52337499,89.63849078,-2.212018991,0,34.5
69.46355742,89.55835428,-2.212018991,0,34.6
69.40373986,89.47821778,-2.212018991,0,34.7
69.34392229,89.39808128,-2.212018991,0,34.8
69.28410472,89.31794478,-2.212018991,0,34.9
69.22428715,89.23780828,-2.212018991,0,35
69.16446958,89.15767178,-2.212018991,0,35.1
69.10465201,89.07753528,-2.212018991,0,35.2
69.04483444,88.99739878,-2.212018991,0,35.3
68.98501687,88.91726229,-2.212018991,0,35.4
68.9251993,88.83712579,-2.212018991,0,35.5
68.86538174,88.75698929,-2.212018991,0,35.6
68.80556417,88.67685279,-2.212018991,0,35.7
68.7457466,88.59671629,-2.212018991,0,35.8
68.68592903,88.51657979,-2.212018991,0,35.9
68.62611146,88.43644329,-2.212018991,0,36
68.56629389,88.35630679,-2.212018991,0,36.1
68.50647632,88.27617029,-2.212018991,0,36.2
68.44665875,88.1960338,-2.212018991,0,36.3
68.38684118,88.1158973,-2.212018991,0,36.4
68.32702362,88.0357608,-2.212018991,0,36.5
68.26720605,87.9556243,-2.212018991,0,36.6
68.20738848,87.8754878,-2.212018991,0,36.7
68.14757091,87.7953513,-2.212018991,0,36.8
68.08775334,87.7152148,-2.212018991,0,36.9
68.02793577,87.6350783,-2.212018991,0,37
67.9681182,87.5549418,-2.212018991,0,37.1
67.90830063,87.47480531,-2.212018991,0,37.2
67.84848306,87.39466881,-2.212018991,0,37.3
67.7886655,87.31453231,-2.212018991,0,37.4
67.72884793,87.23439581,-2.212018991,0,37.5
67.66903036,87.15425931,-2.212018991,0,37.6
67.60921279,87.07412281,-2.212018991,0,37.7
67.54939522,86.99398631,-2.212018991,0,37.8
67.48957765,86.91384981,-2.212018991,0,37.9
67.42976008,86.83371331,-2.212018991,0,38
67.36994251,86.75357682,-2.212018991,0,38.1
67.31012494,86.67344032,-2.212018991,0,38.2
67.25030738,86.59330382,-2.212018991,0,38.3
67.19048981,86.51316732,-2.212018991,0,38.4
67.13067224,86.43303082,-2.212018991,0,38.5
67.07085467,86.35289432,-2.212018991,0,38.6
67.0110371,86.27275782,-2.212018991,0,38.7
66.95121953,86.19262132,-2.212018991,0,38.8
66.89140196,86.11248482,-2.212018991,0,38.9
66.83158439,86.03234833,-2.212018991,0,39
66.77176682,85.95221183,-2.212018991,0,39.1
66.71194926,85.87207533,-2.212018991,0,39.2
66.65213169,85.79193883,-2.212018991,0,39.3
66.59231412,85.71180233,-2.212018991,0,39.4
66.53249655,85.63166583,-2.212018991,0,39.5
66.47267898,85.55152933,-2.212018991,0,39.6
66.41286141,85.47139283,-2.212018991,0,39.7
66.35304384,85.39125633,-2.212018991,0,39.8
66.29322627,85.31111984,-2.212018991,0,39.9
66.2334087,85.23098334,-2.212018991,0,40
66.17359114,85.15084684,-2.212018991,0,40.1
66.11377357,85.07071034,-2.212018991,0,40.2
66.053956,84.99057384,-2.212018991,0,40.3
65.99413843,84.91043734,-2.212018991,0,40.4
65.93432086,84.83030084,-2.212018991,0,40.5
65.87450329,84.75016434,-2.212018991,0,40.6
65.81468572,84.67002784,-2.212018991,0,40.7
65.75486815,84.58989135,-2.212018991,0,40.8
65.69505059,84.50975485,-2.212018991,0,40.9
65.63523302,84.42961835,-2.212018991,0,41
65.57541545,84.34948185,-2.212018991,0,41.1
65.51559788,84.26934535,-2.212018991,0,41.2
65.45578031,84.18920885,-2.212018991,0,41.3
65.39596274,84.10907235,-2.212018991,0,41.4
65.33614517,84.02893585,-2.212018991,0,41.5
65.2763276,83.94879935,-2.212018991,0,41.6
65.21651003,83.86866286,-2.212018991,0,41.7
65.15669247,83.78852636,-2.212018991,0,41.8
65.0968749,83.70838986,-2.212018991,0,41.9
65.03705733,83.62825336,-2.212018991,0,42
64.97723976,83.54811686,-2.212018991,0,42.1
64.91742219,83.46798036,-2.212018991,0,42.2
64.85760462,83.38784386,-2.212018991,0,42.3
64.79778705,83.30770736,-2.212018991,0,42.4
64.73796948,83.22757086,-2.212018991,0,42.5
64.67815191,83.14743437,-2.212018991,0,42.6
64.61833435,83.06729787,-2.212018991,0,42.7
64.55851678,82.98716137,-2.212018991,0,42.8
64.49869921,82.90702487,-2.212018991,0,42.9
64.43888164,82.82688837,-2.212018991,0,43
64.37906407,82.74675187,-2.212018991,0,43.1
64.3192465,82.66661537,-2.212018991,0,43.2
64.25942893,82.58647887,-2.212018991,0,43.3
64.19961136,82.50634237,-2.212018991,0,43.4
64.13979379,82.42620588,-2.212018991,0,43.5
64.07997623,82.34606938,-2.212018991,0,43.6
64.02015866,82.26593288,-2.212018991,0,43.7
63.96034109,82.18579638,-2.212018991,0,43.8
63.90052352,82.10565988,-2.212018991,0,43.9
63.84070595,82.02552338,-2.212018991,0,44
63.78088838,81.94538688,-2.212018991,0,44.1
63.72107081,81.86525038,-2.212018991,0,44.2
63.66125324,81.78511388,-2.212018991,0,44.3
63.60143567,81.70497739,-2.212018991,0,44.4
63.54161811,81.62484089,-2.212018991,0,44.5
63.48180054,81.54470439,-2.212018991,0,44.6
63.42198297,81.46456789,-2.212018991,0,44.7
63.3621654,81.38443139,-2.212018991,0,44.8
63.30234783,81.30429489,-2.212018991,0,44.9
63.24253026,81.22415839,-2.212018991,0,45
63.18271269,81.14402189,-2.212018991,0,45.1
63.12289512,81.06388539,-2.212018991,0,45.2
63.06307755,80.9837489,-2.212018991,0,45.3
63.00325999,80.9036124,-2.212018991,0,45.4
62.94344242,80.8234759,-2.212018991,0,45.5
62.88362485,80.7433394,-2.212018991,0,45.6
62.82380728,80.6632029,-2.212018991,0,45.7
62.76398971,80.5830664,-2.212018991,0,45.8
62.70417214,80.5029299,-2.212018991,0,45.9
62.64435457,80.4227934,-2.212018991,0,46
62.584537,80.3426569,-2.212018991,0,46.1
62.52471943,80.26252041,-2.212018991,0,46.2
62.46490187,80.18238391,-2.212018991,0,46.3
62.4050843,80.10224741,-2.212018991,0,46.4
62.34526673,80.02211091,-2.212018991,0,46.5
62.28544916,79.94197441,-2.212018991,0,46.6
62.22563159,79.86183791,-2.212018991,0,46.7
62.16581402,79.78170141,-2.212018991,0,46.8
62.10599645,79.70156491,-2.212018991,0,46.9
62.04617888,79.62142842,-2.212018991,0,47
61.98636131,79.54129192,-2.212018991,0,47.1
61.92654375,79.46115542,-2.212018991,0,47.2
61.86672618,79.38101892,-2.212018991,0,47.3
61.80690861,79.30088242,-2.212018991,0,47.4
61.74709104,79.22074592,-2.212018991,0,47.5
61.68727347,79.14060942,-2.212018991,0,47.6
61.6274559,79.06047292,-2.212018991,0,47.7
61.56763833,78.98033642,-2.212018991,0,47.8
61.50782076,78.90019993,-2.212018991,0,47.9
61.4480032,78.82006343,-2.212018991,0,48
61.38818563,78.73992693,-2.212018991,0,48.1
61.32836806,78.65979043,-2.212018991,0,48.2
61.26855049,78.57965393,-2.212018991,0,48.3
61.20873292,78.49951743,-2.212018991,0,48.4
61.14891535,78.41938093,-2.212018991,0,48.5
61.08909778,78.33924443,-2.212018991,0,48.6
61.02928021,78.25910793,-2.212018991,0,48.7
60.96946264,78.17897144,-2.212018991,0,48.8
60.90964508,78.09883494,-2.212018991,0,48.9
60.84982751,78.01869844,-2.212018991,0,49
60.79000994,77.93856194,-2.212018991,0,49.1
60.73019237,77.85842544,-2.212018991,0,49.2
60.6703748,77.77828894,-2.212018991,0,49.3
60.61055723,77.69815244,-2.212018991,0,49.4
60.55073966,77.61801594,-2.212018991,0,49.5
60.49092209,77.53787944,-2.212018991,0,49.6
60.43110452,77.45774295,-2.212018991,0,49.7
60.37128696,77.37760645,-2.212018991,0,49.8
60.31146939,77.29746995,-2.212018991,0,49.9
60.25165182,77.21733345,-2.212018991,0,50
60.19183425,77.13719695,-2.212018991,0,50.1
60.13201668,77.05706045,-2.212018991,0,50.2
60.07219911,76.97692395,-2.212018991,0,50.3
60.01238154,76.89678745,-2.212018991,0,50.4
59.95256397,76.81665095,-2.212018991,0,50.5
59.8927464,76.73651446,-2.212018991,0,50.6
59.83292884,76.65637796,-2.212018991,0,50.7
59.77311127,76.57624146,-2.212018991,0,50.8
59.7132937,76.49610496,-2.212018991,0,50.9
59.65347613,76.41596846,-2.212018991,0,51
59.59365856,76.33583196,-2.212018991,0,51.1
59.53384099,76.25569546,-2.212018991,0,51.2
59.47402342,76.17555896,-2.212018991,0,51.3
59.41420585,76.09542246,-2.212018991,0,51.4
59.35438828,76.01528597,-2.212018991,0,51.5
59.29457072,75.93514947,-2.212018991,0,51.6
59.23475315,75.85501297,-2.212018991,0,51.7
59.17493558,75.77487647,-2.212018991,0,51.8
59.11511801,75.69473997,-2.212018991,0,51.9
59.05530044,75.61460347,-2.212018991,0,52
58.99548287,75.53446697,-2.212018991,0,52.1
58.9356653,75.45433047,-2.212018991,0,52.2
58.87584773,75.37419397,-2.212018991,0,52.3
58.81603016,75.29405748,-2.212018991,0,52.4
58.7562126,75.21392098,-2.212018991,0,52.5
58.69639503,75.13378448,-2.212018991,0,52.6
58.63657746,75.05364798,-2.212018991,0,52.7
58.57675989,74.97351148,-2.212018991,0,52.8
58.51694232,74.89337498,-2.212018991,0,52.9
58.45712475,74.81323848,-2.212018991,0,53
58.39730718,74.73310198,-2.212018991,0,53.1
58.33748961,74.65296548,-2.212018991,0,53.2
58.27767204,74.57282899,-2.212018991,0,53.3
58.21785448,74.49269249,-2.212018991,0,53.4
58.15803691,74.41255599,-2.212018991,0,53.5
58.09821934,74.33241949,-2.212018991,0,53.6
58.03840177,74.25228299,-2.212018991,0,53.7
57.9785842,74.17214649,-2.212018991,0,53.8
57.91876663,74.09200999,-2.212018991,0,53.9
57.85894906,74.01187349,-2.212018991,0,54
57.79913149,73.93173699,-2.212018991,0,54.1
57.73931392,73.8516005,-2.212018991,0,54.2
57.67949636,73.771464,-2.212018991,0,54.3
57.61967879,73.6913275,-2.212018991,0,54.4
57.55986122,73.611191,-2.212018991,0,54.5
57.50004365,73.5310545,-2.212018991,0,54.6
57.44022608,73.450918,-2.212018991,0,54.7
57.38040851,73.3707815,-2.212018991,0,54.8
57.32059094,73.290645,-2.212018991,0,54.9
57.26077337,73.2105085,-2.212018991,0,55
57.20095581,73.13037201,-2.212018991,0,55.1
57.14113824,73.05023551,-2.212018991,0,55.2
57.08132067,72.97009901,-2.212018991,0,55.3
57.0215031,72.88996251,-2.212018991,0,55.4
56.96168553,72.80982601,-2.212018991,0,55.5
56.90186796,72.72968951,-2.212018991,0,55.6
56.84205039,72.64955301,-2.212018991,0,55.7
56.78223282,72.56941651,-2.212018991,0,55.8
56.72241525,72.48928001,-2.212018991,0,55.9
56.66259769,72.40914352,-2.212018991,0,56
56.60278012,72.32900702,-2.212018991,0,56.1
56.54296255,72.24887052,-2.212018991,0,56.2
56.48314498,72.16873402,-2.212018991,0,56.3
56.42332741,72.08859752,-2.212018991,0,56.4
56.36350984,72.00846102,-2.212018991,0,56.5
56.30369227,71.92832452,-2.212018991,0,56.6
56.2438747,71.84818802,-2.212018991,0,56.7
56.18405713,71.76805152,-2.212018991,0,56.8
56.12423957,71.68791503,-2.212018991,0,56.9
56.064422,71.60777853,-2.212018991,0,57
56.00460443,71.52764203,-2.212018991,0,57.1
55.94478686,71.44750553,-2.212018991,0,57.2
55.88496929,71.36736903,-2.212018991,0,57.3
55.82515172,71.28723253,-2.212018991,0,57.4
55.76533415,71.20709603,-2.212018991,0,57.5
55.70551658,71.12695953,-2.212018991,0,57.6
55.64569901,71.04682303,-2.212018991,0,57.7
55.58588145,70.96668654,-2.212018991,0,57.8
55.52606388,70.88655004,-2.212018991,0,57.9
55.46624631,70.80641354,-2.212018991,0,58
55.40642874,70.72627704,-2.212018991,0,58.1
55.34661117,70.64614054,-2.212018991,0,58.2
55.2867936,70.56600404,-2.212018991,0,58.3
55.22697603,70.48586754,-2.212018991,0,58.4
55.16715846,70.40573104,-2.212018991,0,58.5
55.10734089,70.32559454,-2.212018991,0,58.6
55.04752333,70.24545805,-2.212018991,0,58.7
54.98770576,70.16532155,-2.212018991,0,58.8
54.92788819,70.08518505,-2.212018991,0,58.9
54.86807062,70.00504855,-2.212018991,0,59
54.80825305,69.92491205,-2.212018991,0,59.1
54.74843548,69.84477555,-2.212018991,0,59.2
54.68861791,69.76463905,-2.212018991,0,59.3
54.62880034,69.68450255,-2.212018991,0,59.4
54.56898277,69.60436605,-2.212018991,0,59.5
54.50916521,69.52422956,-2.212018991,0,59.6
54.44934764,69.44409306,-2.212018991,0,59.7
54.38953007,69.36395656,-2.212018991,0,59.8
54.3297125,69.28382006,-2.212018991,0,59.9
54.26989493,69.20368356,-2.212018991,0,60
54.21007736,69.12354706,-2.212018991,0,60.1
54.15025979,69.04341056,-2.212018991,0,60.2
54.09044222,68.96327406,-2.212018991,0,60.3
54.03062465,68.88313756,-2.212018991,0,60.4
53.97080709,68.80300107,-2.212018991,0,60.5
53.91098952,68.72286457,-2.212018991,0,60.6
53.85117195,68.64272807,-2.212018991,0,60.7
53.79135438,68.56259157,-2.212018991,0,60.8
53.73153681,68.48245507,-2.212018991,0,60.9
53.67171924,68.40231857,-2.212018991,0,61
53.61190167,68.32218207,-2.212018991,0,61.1
53.5520841,68.24204557,-2.212018991,0,61.2
53.49226653,68.16190907,-2.212018991,0,61.3
53.43244897,68.08177258,-2.212018991,0,61.4
53.3726314,68.00163608,-2.212018991,0,61.5
53.31281383,67.92149958,-2.212018991,0,61.6
53.25299626,67.84136308,-2.212018991,0,61.7
53.19317869,67.76122658,-2.212018991,0,61.8
53.13336112,67.68109008,-2.212018991,0,61.9
53.07354355,67.60095358,-2.212018991,0,62
53.01372598,67.52081708,-2.212018991,0,62.1
52.95390842,67.44068058,-2.212018991,0,62.2
52.89409085,67.36054409,-2.212018991,0,62.3
52.83427328,67.28040759,-2.212018991,0,62.4
52.77445571,67.20027109,-2.212018991,0,62.5
52.71463814,67.12013459,-2.212018991,0,62.6
52.65482057,67.03999809,-2.212018991,0,62.7
52.595003,66.95986159,-2.212018991,0,62.8
52.53518543,66.87972509,-2.212018991,0,62.9
52.47536786,66.79958859,-2.212018991,0,63
52.4155503,66.71945209,-2.212018991,0,63.1
52.35573273,66.6393156,-2.212018991,0,63.2
52.29591516,66.5591791,-2.212018991,0,63.3
52.23609759,66.4790426,-2.212018991,0,63.4
52.17628002,66.3989061,-2.212018991,0,63.5
52.11646245,66.3187696,-2.212018991,0,63.6
52.05664488,66.2386331,-2.212018991,0,63.7
51.99682731,66.1584966,-2.212018991,0,63.8
51.93700974,66.0783601,-2.212018991,0,63.9
51.87719218,65.9982236,-2.212018991,0,64
51.81737461,65.91808711,-2.212018991,0,64.1
51.75755704,65.83795061,-2.212018991,0,64.2
51.69773947,65.75781411,-2.212018991,0,64.3
51.6379219,65.67767761,-2.212018991,0,64.4
51.57810433,65.59754111,-2.212018991,0,64.5
51.51828676,65.51740461,-2.212018991,0,64.6
51.45846919,65.43726811,-2.212018991,0,64.7
51.39865162,65.35713161,-2.212018991,0,64.8
51.33883406,65.27699511,-2.212018991,0,64.9
51.27901649,65.19685862,-2.212018991,0,65
51.21919892,65.11672212,-2.212018991,0,65.1
51.15938135,65.03658562,-2.212018991,0,65.2
51.09956378,64.95644912,-2.212018991,0,65.3
51.03974621,64.87631262,-2.212018991,0,65.4
50.97992864,64.79617612,-2.212018991,0,65.5
50.92011107,64.71603962,-2.212018991,0,65.6
50.8602935,64.63590312,-2.212018991,0,65.7
50.80047594,64.55576662,-2.212018991,0,65.8
50.74065837,64.47563013,-2.212018991,0,65.9
50.6808408,64.39549363,-2.212018991,0,66
50.62102323,64.31535713,-2.212018991,0,66.1
50.56120566,64.23522063,-2.212018991,0,66.2
50.50138809,64.15508413,-2.212018991,0,66.3
50.44157052,64.07494763,-2.212018991,0,66.4
50.38175295,63.99481113,-2.212018991,0,66.5
50.32193538,63.91467463,-2.212018991,0,66.6
50.26211782,63.83453813,-2.212018991,0,66.7
50.20230025,63.75440164,-2.212018991,0,66.8
50.14248268,63.67426514,-2.212018991,0,66.9
50.08266511,63.59412864,-2.212018991,0,67
50.02284754,63.51399214,-2.212018991,0,67.1
49.96302997,63.43385564,-2.212018991,0,67.2
49.9032124,63.35371914,-2.212018991,0,67.3
49.84339483,63.27358264,-2.212018991,0,67.4
49.78357726,63.19344614,-2.212018991,0,67.5
49.7237597,63.11330964,-2.212018991,0,67.6
49.66394213,63.03317315,-2.212018991,0,67.7
49.60412456,62.95303665,-2.212018991,0,67.8
49.54430699,62.87290015,-2.212018991,0,67.9
49.48448942,62.79276365,-2.212018991,0,68
49.42467185,62.71262715,-2.212018991,0,68.1
49.36485428,62.63249065,-2.212018991,0,68.2
49.30503671,62.55235415,-2.212018991,0,68.3
49.24521914,62.47221765,-2.212018991,0,68.4
49.18540158,62.39208115,-2.212018991,0,68.5
49.12558401,62.31194466,-2.212018991,0,68.6
49.06576644,62.23180816,-2.212018991,0,68.7
49.00594887,62.15167166,-2.212018991,0,68.8
48.9461313,62.07153516,-2.212018991,0,68.9
48.88631373,61.99139866,-2.212018991,0,69
48.82649616,61.91126216,-2.212018991,0,69.1
48.76667859,61.83112566,-2.212018991,0,69.2
48.70686103,61.75098916,-2.212018991,0,69.3
48.64704346,61.67085266,-2.212018991,0,69.4
48.58722589,61.59071617,-2.212018991,0,69.5
48.52740832,61.51057967,-2.212018991,0,69.6
48.46759075,61.43044317,-2.212018991,0,69.7
48.40777318,61.35030667,-2.212018991,0,69.8
48.34795561,61.27017017,-2.212018991,0,69.9
48.28813804,61.19003367,-2.212018991,0,70
48.22832047,61.10989717,-2.212018991,0,70.1
48.16850291,61.02976067,-2.212018991,0,70.2
48.10868534,60.94962417,-2.212018991,0,70.3
48.04886777,60.86948768,-2.212018991,0,70.4
47.9890502,60.78935118,-2.212018991,0,70.5
47.92923263,60.70921468,-2.212018991,0,70.6
47.86941506,60.62907818,-2.212018991,0,70.7
47.80959749,60.54894168,-2.212018991,0,70.8
47.74977992,60.46880518,-2.212018991,0,70.9
47.68996235,60.38866868,-2.212018991,0,71
47.63014479,60.30853218,-2.212018991,0,71.1
47.57032722,60.22839568,-2.212018991,0,71.2
47.51050965,60.14825919,-2.212018991,0,71.3
47.45069208,60.06812269,-2.212018991,0,71.4
47.39087451,59.98798619,-2.212018991,0,71.5
47.33105694,59.90784969,-2.212018991,0,71.6
47.27123937,59.82771319,-2.212018991,0,71.7
47.2114218,59.74757669,-2.212018991,0,71.8
47.15160423,59.66744019,-2.212018991,0,71.9
47.09178667,59.58730369,-2.212018991,0,72
47.0319691,59.50716719,-2.212018991,0,72.1
46.97215153,59.4270307,-2.212018991,0,72.2
46.91233396,59.3468942,-2.212018991,0,72.3
46.85251639,59.2667577,-2.212018991,0,72.4
46.79269882,59.1866212,-2.212018991,0,72.5
46.73288125,59.1064847,-2.212018991,0,72.6
46.67306368,59.0263482,-2.212018991,0,72.7
46.61324611,58.9462117,-2.212018991,0,72.8
46.55342855,58.8660752,-2.212018991,0,72.9
46.49361098,58.7859387,-2.212018991,0,73
46.43379341,58.70580221,-2.212018991,0,73.1
46.37397584,58.62566571,-2.212018991,0,73.2
46.31415827,58.54552921,-2.212018991,0,73.3
46.2543407,58.46539271,-2.212018991,0,73.4
46.19452313,58.38525621,-2.212018991,0,73.5
46.13470556,58.30511971,-2.212018991,0,73.6
46.07488799,58.22498321,-2.212018991,0,73.7
46.01507043,58.14484671,-2.212018991,0,73.8
45.95525286,58.06471021,-2.212018991,0,73.9
45.89543529,57.98457372,-2.212018991,0,74
45.83561772,57.90443722,-2.212018991,0,74.1
45.77580015,57.82430072,-2.212018991,0,74.2
45.71598258,57.74416422,-2.212018991,0,74.3
45.65616501,57.66402772,-2.212018991,0,74.4
45.59634744,57.58389122,-2.212018991,0,74.5
45.53652987,57.50375472,-2.212018991,0,74.6
45.47671231,57.42361822,-2.212018991,0,74.7
45.41689474,57.34348172,-2.212018991,0,74.8
45.35707717,57.26334523,-2.212018991,0,74.9
45.2972596,57.18320873,-2.212018991,0,75
45.23744203,57.10307223,-2.212018991,0,75.1
45.17762446,57.02293573,-2.212018991,0,75.2
45.11780689,56.94279923,-2.212018991,0,75.3
45.05798932,56.86266273,-2.212018991,0,75.4
44.99817175,56.78252623,-2.212018991,0,75.5
44.93835419,56.70238973,-2.212018991,0,75.6
44.87853662,56.62225323,-2.212018991,0,75.7
44.81871905,56.54211674,-2.212018991,0,75.8
44.75890148,56.46198024,-2.212018991,0,75.9
44.69908391,56.38184374,-2.212018991,0,76
44.63926634,56.30170724,-2.212018991,0,76.1
44.57944877,56.22157074,-2.212018991,0,76.2
44.5196312,56.14143424,-2.212018991,0,76.3
44.45981364,56.06129774,-2.212018991,0,76.4
44.39999607,55.98116124,-2.212018991,0,76.5
44.3401785,55.90102474,-2.212018991,0,76.6
44.28036093,55.82088825,-2.212018991,0,76.7
44.22054336,55.74075175,-2.212018991,0,76.8
44.16072579,55.66061525,-2.212018991,0,76.9
44.10090822,55.58047875,-2.212018991,0,77
44.04109065,55.50034225,-2.212018991,0,77.1
43.98127308,55.42020575,-2.212018991,0,77.2
43.92145552,55.34006925,-2.212018991,0,77.3
43.86163795,55.25993275,-2.212018991,0,77.4
43.80182038,55.17979625,-2.212018991,0,77.5
43.74200281,55.09965976,-2.212018991,0,77.6
43.68218524,55.01952326,-2.212018991,0,77.7
43.62236767,54.93938676,-2.212018991,0,77.8
43.5625501,54.85925026,-2.212018991,0,77.9
43.50273253,54.77911376,-2.212018991,0,78
43.44291496,54.69897726,-2.212018991,0,78.1
43.3830974,54.61884076,-2.212018991,0,78.2
43.32327983,54.53870426,-2.212018991,0,78.3
43.26346226,54.45856776,-2.212018991,0,78.4
43.20364469,54.37843127,-2.212018991,0,78.5
43.14382712,54.29829477,-2.212018991,0,78.6
43.08400955,54.21815827,-2.212018991,0,78.7
43.02419198,54.13802177,-2.212018991,0,78.8
42.96437441,54.05788527,-2.212018991,0,78.9
42.90455684,53.97774877,-2.212018991,0,79
42.84473928,53.89761227,-2.212018991,0,79.1
42.78492171,53.81747577,-2.212018991,0,79.2
42.72510414,53.73733927,-2.212018991,0,79.3
42.66528657,53.65720278,-2.212018991,0,79.4
42.605469,53.57706628,-2.212018991,0,79.5
42.54565143,53.49692978,-2.212018991,0,79.6
42.48583386,53.41679328,-2.212018991,0,79.7
42.42601629,53.33665678,-2.212018991,0,79.8
42.36619872,53.25652028,-2.212018991,0,79.9
42.30638116,53.17638378,-2.212018991,0,80
42.24656359,53.09624728,-2.212018991,0,80.1
42.18674602,53.01611078,-2.212018991,0,80.2
42.12692845,52.93597429,-2.212018991,0,80.3
42.06711088,52.85583779,-2.212018991,0,80.4
42.00729331,52.77570129,-2.212018991,0,80.5
41.94747574,52.69556479,-2.212018991,0,80.6
41.88765817,52.61542829,-2.212018991,0,80.7
41.8278406,52.53529179,-2.212018991,0,80.8
41.76802304,52.45515529,-2.212018991,0,80.9
41.70820547,52.37501879,-2.212018991,0,81
41.6483879,52.29488229,-2.212018991,0,81.1
41.58857033,52.2147458,-2.212018991,0,81.2
41.52875276,52.1346093,-2.212018991,0,81.3
41.46893519,52.0544728,-2.212018991,0,81.4
41.40911762,51.9743363,-2.212018991,0,81.5
41.34930005,51.8941998,-2.212018991,0,81.6
41.28948248,51.8140633,-2.212018991,0,81.7
41.22966492,51.7339268,-2.212018991,0,81.8
41.16984735,51.6537903,-2.212018991,0,81.9
41.11002978,51.5736538,-2.212018991,0,82
41.05021221,51.49351731,-2.212018991,0,82.1
40.99039464,51.41338081,-2.212018991,0,82.2
40.93057707,51.33324431,-2.212018991,0,82.3
40.8707595,51.25310781,-2.212018991,0,82.4
40.81094193,51.17297131,-2.212018991,0,82.5
40.75112436,51.09283481,-2.212018991,0,82.6
40.6913068,51.01269831,-2.212018991,0,82.7
40.63148923,50.93256181,-2.212018991,0,82.8
40.57167166,50.85242531,-2.212018991,0,82.9
40.51185409,50.77228882,-2.212018991,0,83
40.45203652,50.69215232,-2.212018991,0,83.1
40.39221895,50.61201582,-2.212018991,0,83.2
40.33240138,50.53187932,-2.212018991,0,83.3
40.27258381,50.45174282,-2.212018991,0,83.4
40.21276625,50.37160632,-2.212018991,0,83.5
40.15294868,50.29146982,-2.212018991,0,83.6
40.09313111,50.21133332,-2.212018991,0,83.7
40.03331354,50.13119682,-2.212018991,0,83.8
39.97349597,50.05106033,-2.212018991,0,83.9
39.9136784,49.97092383,-2.212018991,0,84
39.85386083,49.89078733,-2.212018991,0,84.1
39.79404326,49.81065083,-2.212018991,0,84.2
39.73422569,49.73051433,-2.212018991,0,84.3
39.67440813,49.65037783,-2.212018991,0,84.4
39.61459056,49.57024133,-2.212018991,0,84.5
39.55477299,49.49010483,-2.212018991,0,84.6
39.49495542,49.40996833,-2.212018991,0,84.7
39.43513785,49.32983184,-2.212018991,0,84.8
39.37532028,49.24969534,-2.212018991,0,84.9
39.31550271,49.16955884,-2.212018991,0,85
39.25568514,49.08942234,-2.212018991,0,85.1
39.19586757,49.00928584,-2.212018991,0,85.2
39.13605001,48.92914934,-2.212018991,0,85.3
39.07623244,48.84901284,-2.212018991,0,85.4
39.01641487,48.76887634,-2.212018991,0,85.5
38.9565973,48.68873984,-2.212018991,0,85.6
38.89677973,48.60860335,-2.212018991,0,85.7
38.83696216,48.52846685,-2.212018991,0,85.8
38.77714459,48.44833035,-2.212018991,0,85.9
38.71732702,48.36819385,-2.212018991,0,86
38.65750945,48.28805735,-2.212018991,0,86.1
38.59769189,48.20792085,-2.212018991,0,86.2
38.53787432,48.12778435,-2.212018991,0,86.3
38.47805675,48.04764785,-2.212018991,0,86.4
38.41823918,47.96751135,-2.212018991,0,86.5
38.35842161,47.88737486,-2.212018991,0,86.6
38.29860404,47.80723836,-2.212018991,0,86.7
38.23878647,47.72710186,-2.212018991,0,86.8
38.1789689,47.64696536,-2.212018991,0,86.9
38.11915133,47.56682886,-2.212018991,0,87
38.05933377,47.48669236,-2.212018991,0,87.1
37.9995162,47.40655586,-2.212018991,0,87.2
37.93969863,47.32641936,-2.212018991,0,87.3
37.87988106,47.24628286,-2.212018991,0,87.4
37.82006349,47.16614637,-2.212018991,0,87.5
37.76024592,47.08600987,-2.212018991,0,87.6
37.70042835,47.00587337,-2.212018991,0,87.7
37.64061078,46.92573687,-2.212018991,0,87.8
37.58079321,46.84560037,-2.212018991,0,87.9
37.52097565,46.76546387,-2.212018991,0,88
37.46115808,46.68532737,-2.212018991,0,88.1
37.40134051,46.60519087,-2.212018991,0,88.2
37.34152294,46.52505437,-2.212018991,0,88.3
37.28170537,46.44491788,-2.212018991,0,88.4
37.2218878,46.36478138,-2.212018991,0,88.5
37.16207023,46.28464488,-2.212018991,0,88.6
37.10225266,46.20450838,-2.212018991,0,88.7
37.04243509,46.12437188,-2.212018991,0,88.8
36.98261753,46.04423538,-2.212018991,0,88.9
36.92279996,45.96409888,-2.212018991,0,89
36.86298239,45.88396238,-2.212018991,0,89.1
36.80316482,45.80382588,-2.212018991,0,89.2
36.74334725,45.72368939,-2.212018991,0,89.3
36.68352968,45.64355289,-2.212018991,0,89.4
36.62371211,45.56341639,-2.212018991,0,89.5
36.56389454,45.48327989,-2.212018991,0,89.6
36.50407697,45.40314339,-2.212018991,0,89.7
36.44425941,45.32300689,-2.212018991,0,89.8
36.38444184,45.24287039,-2.212018991,0,89.9
36.32462427,45.16273389,-2.212018991,0,90
36.2648067,45.08259739,-2.212018991,0,90.1
36.20498913,45.0024609,-2.212018991,0,90.2
36.14517156,44.9223244,-2.212018991,0,90.3
36.08535399,44.8421879,-2.212018991,0,90.4
36.02553642,44.7620514,-2.212018991,0,90.5
35.96571886,44.6819149,-2.212018991,0,90.6
35.90590129,44.6017784,-2.212018991,0,90.7
35.84608372,44.5216419,-2.212018991,0,90.8
35.78626615,44.4415054,-2.212018991,0,90.9
35.72644858,44.3613689,-2.212018991,0,91
35.66663101,44.28123241,-2.212018991,0,91.1
35.60681344,44.20109591,-2.212018991,0,91.2
35.54699587,44.12095941,-2.212018991,0,91.3
35.4871783,44.04082291,-2.212018991,0,91.4
35.42736074,43.96068641,-2.212018991,0,91.5
35.36754317,43.88054991,-2.212018991,0,91.6
35.3077256,43.80041341,-2.212018991,0,91.7
35.24790803,43.72027691,-2.212018991,0,91.8
35.18809046,43.64014041,-2.212018991,0,91.9
35.12827289,43.56000392,-2.212018991,0,92
35.06845532,43.47986742,-2.212018991,0,92.1
35.00863775,43.39973092,-2.212018991,0,92.2
34.94882018,43.31959442,-2.212018991,0,92.3
34.88900262,43.23945792,-2.212018991,0,92.4
34.82918505,43.15932142,-2.212018991,0,92.5
34.76936748,43.07918492,-2.212018991,0,92.6
34.70954991,42.99904842,-2.212018991,0,92.7
34.64973234,42.91891192,-2.212018991,0,92.8
34.58991477,42.83877543,-2.212018991,0,92.9
34.5300972,42.75863893,-2.212018991,0,93
34.47027963,42.67850243,-2.212018991,0,93.1
34.41046206,42.59836593,-2.212018991,0,93.2
34.3506445,42.51822943,-2.212018991,0,93.3
34.29082693,42.43809293,-2.212018991,0,93.4
34.23100936,42.35795643,-2.212018991,0,93.5
34.17119179,42.27781993,-2.212018991,0,93.6
34.11137422,42.19768343,-2.212018991,0,93.7
34.05155665,42.11754694,-2.212018991,0,93.8
33.99173908,42.03741044,-2.212018991,0,93.9
33.93192151,41.95727394,-2.212018991,0,94
33.87210394,41.87713744,-2.212018991,0,94.1
33.81228638,41.79700094,-2.212018991,0,94.2
33.75246881,41.71686444,-2.212018991,0,94.3
33.69265124,41.63672794,-2.212018991,0,94.4
33.63283367,41.55659144,-2.212018991,0,94.5
33.5730161,41.47645494,-2.212018991,0,94.6
33.51319853,41.39631845,-2.212018991,0,94.7
33.45338096,41.31618195,-2.212018991,0,94.8
33.39356339,41.23604545,-2.212018991,0,94.9
33.33374582,41.15590895,-2.212018991,0,95
33.27392826,41.07577245,-2.212018991,0,95.1
33.21411069,40.99563595,-2.212018991,0,95.2
33.15429312,40.91549945,-2.212018991,0,95.3
33.09447555,40.83536295,-2.212018991,0,95.4
33.03465798,40.75522645,-2.212018991,0,95.5
32.97484041,40.67508996,-2.212018991,0,95.6
32.91502284,40.59495346,-2.212018991,0,95.7
32.85520527,40.51481696,-2.212018991,0,95.8
32.7953877,40.43468046,-2.212018991,0,95.9
32.73557014,40.35454396,-2.212018991,0,96
32.67575257,40.27440746,-2.212018991,0,96.1
32.615935,40.19427096,-2.212018991,0,96.2
32.55611743,40.11413446,-2.212018991,0,96.3
32.49629986,40.03399796,-2.212018991,0,96.4
32.43648229,39.95386147,-2.212018991,0,96.5
32.37666472,39.87372497,-2.212018991,0,96.6
32.31684715,39.79358847,-2.212018991,0,96.7
32.25702958,39.71345197,-2.212018991,0,96.8
32.19721202,39.63331547,-2.212018991,0,96.9
32.13739445,39.55317897,-2.212018991,0,97
32.07757688,39.47304247,-2.212018991,0,97.1
32.01775931,39.39290597,-2.212018991,0,97.2
31.95794174,39.31276947,-2.212018991,0,97.3
31.89812417,39.23263298,-2.212018991,0,97.4
31.8383066,39.15249648,-2.212018991,0,97.5
31.77848903,39.07235998,-2.212018991,0,97.6
31.71867146,38.99222348,-2.212018991,0,97.7
31.6588539,38.91208698,-2.212018991,0,97.8
31.59903633,38.83195048,-2.212018991,0,97.9
31.53921876,38.75181398,-2.212018991,0,98
31.47940119,38.67167748,-2.212018991,0,98.1
31.41958362,38.59154098,-2.212018991,0,98.2
31.35976605,38.51140449,-2.212018991,0,98.3
31.29994848,38.43126799,-2.212018991,0,98.4
31.24013091,38.35113149,-2.212018991,0,98.5
31.18031335,38.27099499,-2.212018991,0,98.6
31.12049578,38.19085849,-2.212018991,0,98.7
31.06067821,38.11072199,-2.212018991,0,98.8
31.00086064,38.03058549,-2.212018991,0,98.9
30.94104307,37.95044899,-2.212018991,0,99
30.8812255,37.87031249,-2.212018991,0,99.1
30.82140793,37.790176,-2.212018991,0,99.2
30.76159036,37.7100395,-2.212018991,0,99.3
30.70177279,37.629903,-2.212018991,0,99.4
30.64195523,37.5497665,-2.212018991,0,99.5
30.58213766,37.46963,-2.212018991,0,99.6
30.52232009,37.3894935,-2.212018991,0,99.7
30.46250252,37.309357,-2.212018991,0,99.8
30.40268495,37.2292205,-2.212018991,0,99.9
30.34286738,37.149084,-2.212018991,0,100
30.28304981,37.06894751,-2.212018991,0,100.1
30.22323224,36.98881101,-2.212018991,0,100.2
30.16341467,36.90867451,-2.212018991,0,100.3
30.10359711,36.82853801,-2.212018991,0,100.4
30.04377954,36.74840151,-2.212018991,0,100.5
29.98396197,36.66826501,-2.212018991,0,100.6
29.9241444,36.58812851,-2.212018991,0,100.7
29.86432683,36.50799201,-2.212018991,0,100.8
29.80450926,36.42785551,-2.212018991,0,100.9
29.74469169,36.34771902,-2.212018991,0,101
29.68487412,36.26758252,-2.212018991,0,101.1
29.62505655,36.18744602,-2.212018991,0,101.2
29.56523899,36.10730952,-2.212018991,0,101.3
29.50542142,36.02717302,-2.212018991,0,101.4
29.44560385,35.94703652,-2.212018991,0,101.5
29.38578628,35.86690002,-2.212018991,0,101.6
29.32596871,35.78676352,-2.212018991,0,101.7
29.26615114,35.70662702,-2.212018991,0,101.8
29.20633357,35.62649053,-2.212018991,0,101.9
29.146516,35.54635403,-2.212018991,0,102
29.08669843,35.46621753,-2.212018991,0,102.1
29.02688087,35.38608103,-2.212018991,0,102.2
28.9670633,35.30594453,-2.212018991,0,102.3
28.90724573,35.22580803,-2.212018991,0,102.4
28.84742816,35.14567153,-2.212018991,0,102.5
28.78761059,35.06553503,-2.212018991,0,102.6
28.72779302,34.98539853,-2.212018991,0,102.7
28.66797545,34.90526204,-2.212018991,0,102.8
28.60815788,34.82512554,-2.212018991,0,102.9
28.54834031,34.74498904,-2.212018991,0,103
28.48852275,34.66485254,-2.212018991,0,103.1
28.42870518,34.58471604,-2.212018991,0,103.2
28.36888761,34.50457954,-2.212018991,0,103.3
28.30907004,34.42444304,-2.212018991,0,103.4
28.24925247,34.34430654,-2.212018991,0,103.5
28.1894349,34.26417004,-2.212018991,0,103.6
28.12961733,34.18403355,-2.212018991,0,103.7
28.06979976,34.10389705,-2.212018991,0,103.8
28.00998219,34.02376055,-2.212018991,0,103.9
27.95016463,33.94362405,-2.212018991,0,104
27.89034706,33.86348755,-2.212018991,0,104.1
27.83052949,33.78335105,-2.212018991,0,104.2
27.77071192,33.70321455,-2.212018991,0,104.3
27.71089435,33.62307805,-2.212018991,0,104.4
27.65107678,33.54294155,-2.212018991,0,104.5
27.59125921,33.46280506,-2.212018991,0,104.6
27.53144164,33.38266856,-2.212018991,0,104.7
27.47162407,33.30253206,-2.212018991,0,104.8
27.41180651,33.22239556,-2.212018991,0,104.9
27.35198894,33.14225906,-2.212018991,0,105
27.29217137,33.06212256,-2.212018991,0,105.1
27.2323538,32.98198606,-2.212018991,0,105.2
27.17253623,32.90184956,-2.212018991,0,105.3
27.11271866,32.82171306,-2.212018991,0,105.4
27.05290109,32.74157657,-2.212018991,0,105.5
26.99308352,32.66144007,-2.212018991,0,105.6
26.93326596,32.58130357,-2.212018991,0,105.7
26.87344839,32.50116707,-2.212018991,0,105.8
26.81363082,32.42103057,-2.212018991,0,105.9
26.75381325,32.34089407,-2.212018991,0,106
26.69399568,32.26075757,-2.212018991,0,106.1
26.63417811,32.18062107,-2.212018991,0,106.2
26.57436054,32.10048457,-2.212018991,0,106.3
26.51454297,32.02034808,-2.212018991,0,106.4
26.4547254,31.94021158,-2.212018991,0,106.5
26.39490784,31.86007508,-2.212018991,0,106.6
26.33509027,31.77993858,-2.212018991,0,106.7
26.2752727,31.69980208,-2.212018991,0,106.8
26.21545513,31.61966558,-2.212018991,0,106.9
26.15563756,31.53952908,-2.212018991,0,107
26.09581999,31.45939258,-2.212018991,0,107.1
26.03600242,31.37925608,-2.212018991,0,107.2
25.97618485,31.29911959,-2.212018991,0,107.3
25.91636728,31.21898309,-2.212018991,0,107.4
25.85654972,31.13884659,-2.212018991,0,107.5
25.79673215,31.05871009,-2.212018991,0,107.6
25.73691458,30.97857359,-2.212018991,0,107.7
25.67709701,30.89843709,-2.212018991,0,107.8
25.61727944,30.81830059,-2.212018991,0,107.9
25.55746187,30.73816409,-2.212018991,0,108
25.4976443,30.65802759,-2.212018991,0,108.1
25.43782673,30.5778911,-2.212018991,0,108.2
25.37800916,30.4977546,-2.212018991,0,108.3
25.3181916,30.4176181,-2.212018991,0,108.4
25.25837403,30.3374816,-2.212018991,0,108.5
25.19855646,30.2573451,-2.212018991,0,108.6
25.13873889,30.1772086,-2.212018991,0,108.7
25.07892132,30.0970721,-2.212018991,0,108.8
25.01910375,30.0169356,-2.212018991,0,108.9
24.95928618,29.9367991,-2.212018991,0,109
24.89946861,29.85666261,-2.212018991,0,109.1
24.83965104,29.77652611,-2.212018991,0,109.2
24.77983348,29.69638961,-2.212018991,0,109.3
24.72001591,29.61625311,-2.212018991,0,109.4
24.66019834,29.53611661,-2.212018991,0,109.5
24.60038077,29.45598011,-2.212018991,0,109.6
24.5405632,29.37584361,-2.212018991,0,109.7
24.48074563,29.29570711,-2.212018991,0,109.8
24.42092806,29.21557061,-2.212018991,0,109.9
24.36111049,29.13543412,-2.212018991,0,110
24.30129292,29.05529762,-2.212018991,0,110.1
24.24147536,28.97516112,-2.212018991,0,110.2
24.18165779,28.89502462,-2.212018991,0,110.3
24.12184022,28.81488812,-2.212018991,0,110.4
24.06202265,28.73475162,-2.212018991,0,110.5
24.00220508,28.65461512,-2.212018991,0,110.6
23.94238751,28.57447862,-2.212018991,0,110.7
23.88256994,28.49434212,-2.212018991,0,110.8
23.82275237,28.41420563,-2.212018991,0,110.9
23.7629348,28.33406913,-2.212018991,0,111
23.70311724,28.25393263,-2.212018991,0,111.1
23.64329967,28.17379613,-2.212018991,0,111.2
23.5834821,28.09365963,-2.212018991,0,111.3
23.52366453,28.01352313,-2.212018991,0,111.4
23.46384696,27.93338663,-2.212018991,0,111.5
23.40402939,27.85325013,-2.212018991,0,111.6
23.34421182,27.77311363,-2.212018991,0,111.7
23.28439425,27.69297714,-2.212018991,0,111.8
23.22457668,27.61284064,-2.212018991,0,111.9
23.16475912,27.53270414,-2.212018991,0,112
23.10494155,27.45256764,-2.212018991,0,112.1
23.04512398,27.37243114,-2.212018991,0,112.2
22.98530641,27.29229464,-2.212018991,0,112.3
22.92548884,27.21215814,-2.212018991,0,112.4
22.86567127,27.13202164,-2.212018991,0,112.5
22.8058537,27.05188514,-2.212018991,0,112.6
22.74603613,26.97174865,-2.212018991,0,112.7
22.68621857,26.89161215,-2.212018991,0,112.8
22.626401,26.81147565,-2.212018991,0,112.9
22.56658343,26.73133915,-2.212018991,0,113
22.50676586,26.65120265,-2.212018991,0,113.1
22.44694829,26.57106615,-2.212018991,0,113.2
22.38713072,26.49092965,-2.212018991,0,113.3
22.32731315,26.41079315,-2.212018991,0,113.4
22.26749558,26.33065665,-2.212018991,0,113.5
22.20767801,26.25052016,-2.212018991,0,113.6
22.14786045,26.17038366,-2.212018991,0,113.7
22.08804288,26.09024716,-2.212018991,0,113.8
22.02822531,26.01011066,-2.212018991,0,113.9
21.96840774,25.92997416,-2.212018991,0,114
21.90859017,25.84983766,-2.212018991,0,114.1
21.8487726,25.76970116,-2.212018991,0,114.2
21.78895503,25.68956466,-2.212018991,0,114.3
21.72913746,25.60942816,-2.212018991,0,114.4
21.66931989,25.52929167,-2.212018991,0,114.5
21.60950233,25.44915517,-2.212018991,0,114.6
21.54968476,25.36901867,-2.212018991,0,114.7
21.48986719,25.28888217,-2.212018991,0,114.8
21.43004962,25.20874567,-2.212018991,0,114.9
21.37023205,25.12860917,-2.212018991,0,115
21.31041448,25.04847267,-2.212018991,0,115.1
21.25059691,24.96833617,-2.212018991,0,115.2
21.19077934,24.88819967,-2.212018991,0,115.3
21.13096177,24.80806318,-2.212018991,0,115.4
21.07114421,24.72792668,-2.212018991,0,115.5
21.01132664,24.64779018,-2.212018991,0,115.6
20.95150907,24.56765368,-2.212018991,0,115.7
20.8916915,24.48751718,-2.212018991,0,115.8
20.83187393,24.40738068,-2.212018991,0,115.9
20.77205636,24.32724418,-2.212018991,0,116
20.71223879,24.24710768,-2.212018991,0,116.1
20.65242122,24.16697118,-2.212018991,0,116.2
20.59260365,24.08683469,-2.212018991,0,116.3
20.53278609,24.00669819,-2.212018991,0,116.4
20.47296852,23.92656169,-2.212018991,0,116.5
20.41315095,23.84642519,-2.212018991,0,116.6
20.35333338,23.76628869,-2.212018991,0,116.7
20.29351581,23.68615219,-2.212018991,0,116.8
20.23369824,23.60601569,-2.212018991,0,116.9
20.17388067,23.52587919,-2.212018991,0,117
20.1140631,23.44574269,-2.212018991,0,117.1
20.05424553,23.3656062,-2.212018991,0,117.2
19.99442797,23.2854697,-2.212018991,0,117.3
19.9346104,23.2053332,-2.212018991,0,117.4
19.87479283,23.1251967,-2.212018991,0,117.5
19.81497526,23.0450602,-2.212018991,0,117.6
19.75515769,22.9649237,-2.212018991,0,117.7
19.69534012,22.8847872,-2.212018991,0,117.8
19.63552255,22.8046507,-2.212018991,0,117.9
19.57570498,22.7245142,-2.212018991,0,118
19.51588741,22.64437771,-2.212018991,0,118.1
19.45606985,22.56424121,-2.212018991,0,118.2
19.39625228,22.48410471,-2.212018991,0,118.3
19.33643471,22.40396821,-2.212018991,0,118.4
19.27661714,22.32383171,-2.212018991,0,118.5
19.21679957,22.24369521,-2.212018991,0,118.6
19.156982,22.16355871,-2.212018991,0,118.7
19.09716443,22.08342221,-2.212018991,0,118.8
19.03734686,22.00328571,-2.212018991,0,118.9
18.97752929,21.92314922,-2.212018991,0,119
18.91771173,21.84301272,-2.212018991,0,119.1
18.85789416,21.76287622,-2.212018991,0,119.2
18.79807659,21.68273972,-2.212018991,0,119.3
18.73825902,21.60260322,-2.212018991,0,119.4
18.67844145,21.52246672,-2.212018991,0,119.5
18.61862388,21.44233022,-2.212018991,0,119.6
18.55880631,21.36219372,-2.212018991,0,119.7
18.49898874,21.28205722,-2.212018991,0,119.8
18.43917118,21.20192073,-2.212018991,0,119.9
18.37935361,21.12178423,-2.212018991,0,120
18.31953604,21.04164773,-2.212018991,0,120.1
18.25971847,20.96151123,-2.212018991,0,120.2
18.1999009,20.88137473,-2.212018991,0,120.3
18.14008333,20.80123823,-2.212018991,0,120.4
18.08026576,20.72110173,-2.212018991,0,120.5
18.02044819,20.64096523,-2.212018991,0,120.6
17.96063062,20.56082873,-2.212018991,0,120.7
