-6.06336406112348,-11.838092654055226,1.08447822928022,0.0,0.0
-6.016626656926279,-11.749686686785434,1.08447822928022,0.0,0.1
-5.969889252729079,-11.661280719515641,1.08447822928022,0.0,0.2
-5.923151848531878,-11.57287475224585,1.08447822928022,0.0,0.30000000000000004
-5.876414444334678,-11.484468784976059,1.08447822928022,0.0,0.4
-5.829677040137477,-11.396062817706266,1.08447822928022,0.0,0.5
-5.782939635940276,-11.307656850436475,1.08447822928022,0.0,0.6000000000000001
-5.736202231743076,-11.219250883166684,1.08447822928022,0.0,0.7000000000000001
-5.6894648275458755,-11.13084491589689,1.08447822928022,0.0,0.8
-5.642727423348675,-11.0424389486271,1.08447822928022,0.0,0.9
-5.595990019151475,-10.954032981357308,1.08447822928022,0.0,1.0
-5.549252614954274,-10.865627014087515,1.08447822928022,0.0,1.1
-5.502515210757074,-10.777221046817724,1.08447822928022,0.0,1.2000000000000002
-5.455777806559873,-10.688815079547933,1.08447822928022,0.0,1.3
-5.409040402362672,-10.60040911227814,1.08447822928022,0.0,1.4000000000000001
-5.362302998165472,-10.512003145008348,1.08447822928022,0.0,1.5
-5.315565593968271,-10.423597177738557,1.08447822928022,0.0,1.6
-5.268828189771071,-10.335191210468764,1.08447822928022,0.0,1.7000000000000002
-5.2220907855738705,-10.246785243198973,1.08447822928022,0.0,1.8
-5.17535338137667,-10.15837927592918,1.08447822928022,0.0,1.9000000000000001
-5.12861597717947,-10.069973308659389,1.08447822928022,0.0,2.0
-5.081878572982269,-9.981567341389598,1.08447822928022,0.0,2.1
-5.035141168785069,-9.893161374119805,1.08447822928022,0.0,2.2
-4.9884037645878685,-9.804755406850013,1.08447822928022,0.0,2.3000000000000003
-4.941666360390667,-9.71634943958022,1.08447822928022,0.0,2.4000000000000004
-4.894928956193467,-9.627943472310431,1.08447822928022,0.0,2.5
-4.848191551996266,-9.539537505040638,1.08447822928022,0.0,2.6
-4.801454147799066,-9.451131537770847,1.08447822928022,0.0,2.7
-4.754716743601866,-9.362725570501054,1.08447822928022,0.0,2.8000000000000003
-4.707979339404665,-9.274319603231262,1.08447822928022,0.0,2.9000000000000004
-4.661241935207465,-9.185913635961471,1.08447822928022,0.0,3.0
-4.614504531010264,-9.097507668691678,1.08447822928022,0.0,3.1
-4.567767126813063,-9.009101701421887,1.08447822928022,0.0,3.2
-4.521029722615863,-8.920695734152094,1.08447822928022,0.0,3.3000000000000003
-4.474292318418662,-8.832289766882303,1.08447822928022,0.0,3.4000000000000004
-4.427554914221462,-8.743883799612512,1.08447822928022,0.0,3.5
-4.3808175100242615,-8.655477832342719,1.08447822928022,0.0,3.6
-4.334080105827061,-8.567071865072927,1.08447822928022,0.0,3.7
-4.287342701629861,-8.478665897803136,1.08447822928022,0.0,3.8000000000000003
-4.24060529743266,-8.390259930533343,1.08447822928022,0.0,3.9000000000000004
-4.19386789323546,-8.301853963263552,1.08447822928022,0.0,4.0
-4.1471304890382585,-8.21344799599376,1.08447822928022,0.0,4.1000000000000005
-4.100393084841059,-8.125042028723968,1.08447822928022,0.0,4.2
-4.053655680643859,-8.036636061454177,1.08447822928022,0.0,4.3
-4.006918276446657,-7.948230094184385,1.08447822928022,0.0,4.4
-3.960180872249457,-7.859824126914593,1.08447822928022,0.0,4.5
-3.9134434680522565,-7.771418159644801,1.08447822928022,0.0,4.6000000000000005
-3.866706063855056,-7.68301219237501,1.08447822928022,0.0,4.7
-3.8199686596578553,-7.594606225105217,1.08447822928022,0.0,4.800000000000001
-3.773231255460655,-7.506200257835426,1.08447822928022,0.0,4.9
-3.7264938512634544,-7.417794290565634,1.08447822928022,0.0,5.0
-3.679756447066254,-7.3293883232958414,1.08447822928022,0.0,5.1000000000000005
-3.6330190428690536,-7.24098235602605,1.08447822928022,0.0,5.2
-3.586281638671853,-7.152576388756258,1.08447822928022,0.0,5.300000000000001
-3.5395442344746524,-7.064170421486467,1.08447822928022,0.0,5.4
-3.492806830277452,-6.975764454216675,1.08447822928022,0.0,5.5
-3.4460694260802516,-6.887358486946883,1.08447822928022,0.0,5.6000000000000005
-3.399332021883051,-6.7989525196770915,1.08447822928022,0.0,5.7
-3.3525946176858503,-6.7105465524072985,1.08447822928022,0.0,5.800000000000001
-3.30585721348865,-6.622140585137507,1.08447822928022,0.0,5.9
-3.2591198092914495,-6.533734617867716,1.08447822928022,0.0,6.0
-3.2123824050942487,-6.445328650597924,1.08447822928022,0.0,6.1000000000000005
-3.1656450008970487,-6.356922683328132,1.08447822928022,0.0,6.2
-3.118907596699848,-6.26851671605834,1.08447822928022,0.0,6.300000000000001
-3.0721701925026474,-6.1801107487885485,1.08447822928022,0.0,6.4
-3.025432788305447,-6.091704781518756,1.08447822928022,0.0,6.5
-2.978695384108246,-6.003298814248964,1.08447822928022,0.0,6.6000000000000005
-2.9319579799110462,-5.914892846979173,1.08447822928022,0.0,6.7
-2.8852205757138454,-5.826486879709381,1.08447822928022,0.0,6.800000000000001
-2.838483171516645,-5.738080912439589,1.08447822928022,0.0,6.9
-2.7917457673194446,-5.649674945169798,1.08447822928022,0.0,7.0
-2.7450083631222437,-5.5612689779000055,1.08447822928022,0.0,7.1000000000000005
-2.6982709589250438,-5.472863010630213,1.08447822928022,0.0,7.2
-2.651533554727843,-5.384457043360421,1.08447822928022,0.0,7.300000000000001
-2.6047961505306425,-5.29605107609063,1.08447822928022,0.0,7.4
-2.558058746333442,-5.207645108820838,1.08447822928022,0.0,7.5
-2.5113213421362413,-5.119239141551046,1.08447822928022,0.0,7.6000000000000005
-2.464583937939041,-5.030833174281255,1.08447822928022,0.0,7.7
-2.4178465337418404,-4.9424272070114625,1.08447822928022,0.0,7.800000000000001
-2.37110912954464,-4.85402123974167,1.08447822928022,0.0,7.9
-2.3243717253474396,-4.765615272471879,1.08447822928022,0.0,8.0
-2.2776343211502392,-4.677209305202088,1.08447822928022,0.0,8.1
-2.230896916953038,-4.588803337932295,1.08447822928022,0.0,8.200000000000001
-2.184159512755838,-4.500397370662503,1.08447822928022,0.0,8.3
-2.1374221085586376,-4.411991403392712,1.08447822928022,0.0,8.4
-2.090684704361437,-4.3235854361229205,1.08447822928022,0.0,8.5
-2.0439473001642368,-4.235179468853128,1.08447822928022,0.0,8.6
-1.9972098959670355,-4.146773501583335,1.08447822928022,0.0,8.700000000000001
-1.950472491769835,-4.058367534313544,1.08447822928022,0.0,8.8
-1.9037350875726347,-3.969961567043752,1.08447822928022,0.0,8.9
-1.8569976833754342,-3.881555599773961,1.08447822928022,0.0,9.0
-1.8102602791782347,-3.7931496325041696,1.08447822928022,0.0,9.1
-1.7635228749810334,-3.7047436652343766,1.08447822928022,0.0,9.200000000000001
-1.716785470783833,-3.6163376979645854,1.08447822928022,0.0,9.3
-1.6700480665866326,-3.527931730694794,1.08447822928022,0.0,9.4
-1.6233106623894322,-3.439525763425001,1.08447822928022,0.0,9.5
-1.576573258192231,-3.351119796155208,1.08447822928022,0.0,9.600000000000001
-1.5298358539950305,-3.262713828885417,1.08447822928022,0.0,9.700000000000001
-1.4830984497978301,-3.1743078616156257,1.08447822928022,0.0,9.8
-1.4363610456006297,-3.0859018943458345,1.08447822928022,0.0,9.9
-1.3896236414034293,-2.9974959270760433,1.08447822928022,0.0,10.0
-1.342886237206229,-2.9090899598062503,1.08447822928022,0.0,10.100000000000001
-1.2961488330090285,-2.8206839925364573,1.08447822928022,0.0,10.200000000000001
-1.249411428811828,-2.732278025266666,1.08447822928022,0.0,10.3
-1.2026740246146277,-2.643872057996875,1.08447822928022,0.0,10.4
-1.1559366204174273,-2.5554660907270836,1.08447822928022,0.0,10.5
-1.109199216220226,-2.4670601234572906,1.08447822928022,0.0,10.600000000000001
-1.0624618120230256,-2.3786541561874994,1.08447822928022,0.0,10.700000000000001
-1.0157244078258252,-2.290248188917708,1.08447822928022,0.0,10.8
-0.9689870036286248,-2.201842221647915,1.08447822928022,0.0,10.9
-0.9222495994314244,-2.113436254378124,1.08447822928022,0.0,11.0
-0.8755121952342231,-2.025030287108331,1.08447822928022,0.0,11.100000000000001
-0.8287747910370236,-1.9366243198385398,1.08447822928022,0.0,11.200000000000001
-0.7820373868398232,-1.8482183525687486,1.08447822928022,0.0,11.3
-0.7352999826426228,-1.7598123852989573,1.08447822928022,0.0,11.4
-0.6885625784454223,-1.6714064180291643,1.08447822928022,0.0,11.5
-0.641825174248221,-1.5830004507593713,1.08447822928022,0.0,11.600000000000001
-0.5950877700510206,-1.4945944834895801,1.08447822928022,0.0,11.700000000000001
-0.5483503658538202,-1.406188516219789,1.08447822928022,0.0,11.8
-0.5016129616566198,-1.3177825489499977,1.08447822928022,0.0,11.9
-0.45487555745941943,-1.2293765816802065,1.08447822928022,0.0,12.0
-0.40813815326221814,-1.1409706144104135,1.08447822928022,0.0,12.100000000000001
-0.36140074906501773,-1.0525646471406223,1.08447822928022,0.0,12.200000000000001
-0.3146633448678182,-0.9641586798708293,1.08447822928022,0.0,12.3
-0.2679259406706178,-0.875752712601038,1.08447822928022,0.0,12.4
-0.2211885364734174,-0.7873467453312468,1.08447822928022,0.0,12.5
-0.17445113227621611,-0.6989407780614538,1.08447822928022,0.0,12.600000000000001
-0.1277137280790157,-0.6105348107916626,1.08447822928022,0.0,12.700000000000001
-0.0809763238818153,-0.5221288435218714,1.08447822928022,0.0,12.8
-0.0342389196846149,-0.4337228762520784,1.08447822928022,0.0,12.9
0.012498484512585506,-0.3453169089822872,1.08447822928022,0.0,13.0
0.0592358887097868,-0.2569109417124942,1.08447822928022,0.0,13.100000000000001
0.1059732929069872,-0.16850497444270296,1.08447822928022,0.0,13.200000000000001
0.1527106971041876,-0.08009900717291174,1.08447822928022,0.0,13.3
0.19944810130138713,0.008306960096879479,1.08447822928022,0.0,13.4
0.24618550549858753,0.0967129273666707,1.08447822928022,0.0,13.5
0.2929229096957888,0.1851188946364637,1.08447822928022,0.0,13.600000000000001
0.33966031389298923,0.2735248619062567,1.08447822928022,0.0,13.700000000000001
0.38639771809018963,0.3619308291760479,1.08447822928022,0.0,13.8
0.43313512228739004,0.4503367964458391,1.08447822928022,0.0,13.9
0.47987252648459044,0.5387427637156303,1.08447822928022,0.0,14.0
0.5266099306817917,0.6271487309854233,1.08447822928022,0.0,14.100000000000001
0.5733473348789921,0.7155546982552146,1.08447822928022,0.0,14.200000000000001
0.6200847390761925,0.8039606655250076,1.08447822928022,0.0,14.3
0.6668221432733921,0.8923666327947988,1.08447822928022,0.0,14.4
0.7135595474705925,0.98077260006459,1.08447822928022,0.0,14.5
0.7602969516677938,1.069178567334383,1.08447822928022,0.0,14.600000000000001
0.8070343558649942,1.1575845346041742,1.08447822928022,0.0,14.700000000000001
0.8537717600621946,1.2459905018739654,1.08447822928022,0.0,14.8
0.900509164259395,1.3343964691437566,1.08447822928022,0.0,14.9
0.9472465684565954,1.4228024364135496,1.08447822928022,0.0,15.0
0.9939839726537967,1.5112084036833426,1.08447822928022,0.0,15.100000000000001
1.040721376850997,1.5996143709531339,1.08447822928022,0.0,15.200000000000001
1.0874587810481975,1.688020338222925,1.08447822928022,0.0,15.3
1.134196185245398,1.7764263054927163,1.08447822928022,0.0,15.4
1.1809335894425974,1.8648322727625075,1.08447822928022,0.0,15.5
1.2276709936397987,1.9532382400323005,1.08447822928022,0.0,15.600000000000001
1.274408397836999,2.0416442073020917,1.08447822928022,0.0,15.700000000000001
1.3211458020341995,2.1300501745718847,1.08447822928022,0.0,15.8
1.3678832062314,2.218456141841676,1.08447822928022,0.0,15.9
1.4146206104286003,2.306862109111467,1.08447822928022,0.0,16.0
1.4613580146258016,2.39526807638126,1.08447822928022,0.0,16.1
1.5080954188230011,2.4836740436510496,1.08447822928022,0.0,16.2
1.5548328230202024,2.5720800109208426,1.08447822928022,0.0,16.3
1.6015702272174037,2.6604859781906356,1.08447822928022,0.0,16.400000000000002
1.6483076314146032,2.748891945460427,1.08447822928022,0.0,16.5
1.6950450356118036,2.83729791273022,1.08447822928022,0.0,16.6
1.7417824398090032,2.9257038800000092,1.08447822928022,0.0,16.7
1.7885198440062045,3.0141098472698022,1.08447822928022,0.0,16.8
1.8352572482034057,3.1025158145395952,1.08447822928022,0.0,16.900000000000002
1.8819946524006053,3.1909217818093847,1.08447822928022,0.0,17.0
1.9287320565978066,3.2793277490791777,1.08447822928022,0.0,17.1
1.975469460795006,3.367733716348969,1.08447822928022,0.0,17.2
2.0222068649922065,3.456139683618762,1.08447822928022,0.0,17.3
2.0689442691894087,3.544545650888555,1.08447822928022,0.0,17.400000000000002
2.1156816733866073,3.6329516181583443,1.08447822928022,0.0,17.5
2.1624190775838095,3.7213575854281373,1.08447822928022,0.0,17.6
2.209156481781008,3.8097635526979268,1.08447822928022,0.0,17.7
2.2558938859782103,3.8981695199677215,1.08447822928022,0.0,17.8
2.3026312901754107,3.9865754872375145,1.08447822928022,0.0,17.900000000000002
2.349368694372611,4.074981454507304,1.08447822928022,0.0,18.0
2.3961060985698115,4.163387421777097,1.08447822928022,0.0,18.1
2.44284350276701,4.251793389046886,1.08447822928022,0.0,18.2
2.4895809069642123,4.340199356316679,1.08447822928022,0.0,18.3
2.5363183111614127,4.428605323586472,1.08447822928022,0.0,18.400000000000002
2.583055715358613,4.517011290856262,1.08447822928022,0.0,18.5
2.6297931195558135,4.605417258126055,1.08447822928022,0.0,18.6
2.676530523753014,4.693823225395844,1.08447822928022,0.0,18.7
2.7232679279502143,4.782229192665637,1.08447822928022,0.0,18.8
2.7700053321474165,4.870635159935434,1.08447822928022,0.0,18.900000000000002
2.816742736344615,4.959041127205223,1.08447822928022,0.0,19.0
2.8634801405418173,5.047447094475016,1.08447822928022,0.0,19.1
2.9102175447390177,5.135853061744809,1.08447822928022,0.0,19.200000000000003
2.9569549489362164,5.224259029014599,1.08447822928022,0.0,19.3
3.0036923531334185,5.312664996284392,1.08447822928022,0.0,19.400000000000002
3.050429757330617,5.401070963554181,1.08447822928022,0.0,19.5
3.0971671615278193,5.489476930823974,1.08447822928022,0.0,19.6
3.1439045657250198,5.577882898093767,1.08447822928022,0.0,19.700000000000003
3.19064196992222,5.666288865363557,1.08447822928022,0.0,19.8
3.2373793741194206,5.75469483263335,1.08447822928022,0.0,19.900000000000002
3.284116778316621,5.843100799903139,1.08447822928022,0.0,20.0
3.3308541825138214,5.931506767172932,1.08447822928022,0.0,20.1
3.3775915867110218,6.019912734442725,1.08447822928022,0.0,20.200000000000003
3.424328990908222,6.108318701712518,1.08447822928022,0.0,20.3
3.4710663951054226,6.196724668982311,1.08447822928022,0.0,20.400000000000002
3.517803799302623,6.2851306362521004,1.08447822928022,0.0,20.5
3.5645412034998234,6.373536603521893,1.08447822928022,0.0,20.6
3.6112786076970256,6.461942570791686,1.08447822928022,0.0,20.700000000000003
3.658016011894224,6.550348538061476,1.08447822928022,0.0,20.8
3.7047534160914264,6.638754505331269,1.08447822928022,0.0,20.900000000000002
3.751490820288625,6.727160472601058,1.08447822928022,0.0,21.0
3.798228224485827,6.815566439870851,1.08447822928022,0.0,21.1
3.8449656286830276,6.903972407140644,1.08447822928022,0.0,21.200000000000003
3.891703032880228,6.992378374410434,1.08447822928022,0.0,21.3
3.9384404370774284,7.080784341680227,1.08447822928022,0.0,21.400000000000002
3.985177841274627,7.169190308950016,1.08447822928022,0.0,21.5
4.031915245471829,7.257596276219809,1.08447822928022,0.0,21.6
4.07865264966903,7.346002243489606,1.08447822928022,0.0,21.700000000000003
4.12539005386623,7.434408210759395,1.08447822928022,0.0,21.8
4.17212745806343,7.522814178029188,1.08447822928022,0.0,21.900000000000002
4.218864862260631,7.611220145298978,1.08447822928022,0.0,22.0
4.265602266457831,7.699626112568771,1.08447822928022,0.0,22.1
4.312339670655033,7.788032079838564,1.08447822928022,0.0,22.200000000000003
4.359077074852232,7.876438047108353,1.08447822928022,0.0,22.3
4.4058144790494325,7.964844014378146,1.08447822928022,0.0,22.400000000000002
4.452551883246633,8.053249981647935,1.08447822928022,0.0,22.5
4.499289287443833,8.141655948917728,1.08447822928022,0.0,22.6
4.5460266916410355,8.230061916187521,1.08447822928022,0.0,22.700000000000003
4.592764095838234,8.318467883457311,1.08447822928022,0.0,22.8
4.639501500035436,8.406873850727104,1.08447822928022,0.0,22.900000000000002
4.686238904232635,8.495279817996897,1.08447822928022,0.0,23.0
4.732976308429837,8.58368578526669,1.08447822928022,0.0,23.1
4.7797137126270375,8.672091752536483,1.08447822928022,0.0,23.200000000000003
4.826451116824238,8.760497719806272,1.08447822928022,0.0,23.3
4.873188521021438,8.848903687076065,1.08447822928022,0.0,23.400000000000002
4.919925925218637,8.937309654345855,1.08447822928022,0.0,23.5
4.966663329415839,9.025715621615648,1.08447822928022,0.0,23.6
5.0134007336130395,9.11412158888544,1.08447822928022,0.0,23.700000000000003
5.06013813781024,9.20252755615523,1.08447822928022,0.0,23.8
5.10687554200744,9.290933523425023,1.08447822928022,0.0,23.900000000000002
5.153612946204641,9.379339490694813,1.08447822928022,0.0,24.0
5.200350350401841,9.467745457964606,1.08447822928022,0.0,24.1
5.247087754599043,9.556151425234399,1.08447822928022,0.0,24.200000000000003
5.293825158796242,9.644557392504188,1.08447822928022,0.0,24.3
5.340562562993444,9.732963359773981,1.08447822928022,0.0,24.400000000000002
5.387299967190643,9.821369327043774,1.08447822928022,0.0,24.5
5.434037371387843,9.909775294313567,1.08447822928022,0.0,24.6
5.480774775585045,9.99818126158336,1.08447822928022,0.0,24.700000000000003
5.527512179782244,10.08658722885315,1.08447822928022,0.0,24.8
5.574249583979446,10.174993196122943,1.08447822928022,0.0,24.900000000000002
5.620986988176645,10.263399163392732,1.08447822928022,0.0,25.0
5.667724392373847,10.351805130662525,1.08447822928022,0.0,25.1
5.714461796571047,10.440211097932318,1.08447822928022,0.0,25.200000000000003
5.761199200768248,10.528617065202107,1.08447822928022,0.0,25.3
5.807936604965448,10.6170230324719,1.08447822928022,0.0,25.400000000000002
5.854674009162649,10.70542899974169,1.08447822928022,0.0,25.5
5.901411413359849,10.793834967011483,1.08447822928022,0.0,25.6
5.948148817557049,10.882240934281276,1.08447822928022,0.0,25.700000000000003
5.99488622175425,10.970646901551069,1.08447822928022,0.0,25.8
6.04162362595145,11.059052868820862,1.08447822928022,0.0,25.900000000000002
6.088361030148651,11.147458836090651,1.08447822928022,0.0,26.0
6.135098434345851,11.235864803360444,1.08447822928022,0.0,26.1
6.181835838543053,11.324270770630237,1.08447822928022,0.0,26.200000000000003
6.228573242740252,11.412676737900027,1.08447822928022,0.0,26.3
6.275310646937454,11.50108270516982,1.08447822928022,0.0,26.400000000000002
6.322048051134653,11.58948867243961,1.08447822928022,0.0,26.5
6.368785455331855,11.677894639709402,1.08447822928022,0.0,26.6
6.415522859529055,11.766300606979195,1.08447822928022,0.0,26.700000000000003
6.462260263726254,11.854706574248985,1.08447822928022,0.0,26.8
6.508997667923456,11.943112541518778,1.08447822928022,0.0,26.900000000000002
6.555735072120655,12.031518508788567,1.08447822928022,0.0,27.0
6.602472476317857,12.11992447605836,1.08447822928022,0.0,27.1
6.649209880515057,12.208330443328153,1.08447822928022,0.0,27.200000000000003
6.695947284712258,12.296736410597946,1.08447822928022,0.0,27.3
6.742684688909458,12.385142377867739,1.08447822928022,0.0,27.400000000000002
6.7894220931066585,12.473548345137528,1.08447822928022,0.0,27.5
6.836159497303859,12.561954312407321,1.08447822928022,0.0,27.6
6.882896901501059,12.650360279677114,1.08447822928022,0.0,27.700000000000003
6.92963430569826,12.738766246946904,1.08447822928022,0.0,27.8
6.97637170989546,12.827172214216697,1.08447822928022,0.0,27.900000000000002
7.0231091140926605,12.915578181486486,1.08447822928022,0.0,28.0
7.069846518289861,13.00398414875628,1.08447822928022,0.0,28.1
7.116583922487063,13.092390116026072,1.08447822928022,0.0,28.200000000000003
7.163321326684262,13.180796083295862,1.08447822928022,0.0,28.3
7.210058730881464,13.269202050565655,1.08447822928022,0.0,28.400000000000002
7.2567961350786625,13.357608017835444,1.08447822928022,0.0,28.5
7.303533539275865,13.44601398510524,1.08447822928022,0.0,28.6
7.350270943473065,13.534419952375034,1.08447822928022,0.0,28.700000000000003
7.397008347670264,13.622825919644823,1.08447822928022,0.0,28.8
7.443745751867466,13.711231886914616,1.08447822928022,0.0,28.900000000000002
7.4904831560646645,13.799637854184406,1.08447822928022,0.0,29.0
7.537220560261867,13.888043821454199,1.08447822928022,0.0,29.1
7.583957964459067,13.976449788723992,1.08447822928022,0.0,29.200000000000003
7.6306953686562675,14.064855755993781,1.08447822928022,0.0,29.3
7.677432772853468,14.153261723263574,1.08447822928022,0.0,29.400000000000002
7.724170177050668,14.241667690533363,1.08447822928022,0.0,29.5
7.770907581247869,14.330073657803156,1.08447822928022,0.0,29.6
7.817644985445071,14.41847962507295,1.08447822928022,0.0,29.700000000000003
7.8643823896422695,14.506885592342739,1.08447822928022,0.0,29.8
7.91111979383947,14.595291559612532,1.08447822928022,0.0,29.900000000000002
7.95785719803667,14.683697526882325,1.08447822928022,0.0,30.0
8.00459460223387,14.772103494152118,1.08447822928022,0.0,30.1
8.051332006431073,14.86050946142191,1.08447822928022,0.0,30.200000000000003
8.098069410628272,14.9489154286917,1.08447822928022,0.0,30.3
8.144806814825474,15.037321395961493,1.08447822928022,0.0,30.400000000000002
8.191544219022672,15.125727363231283,1.08447822928022,0.0,30.5
8.238281623219875,15.214133330501076,1.08447822928022,0.0,30.6
8.285019027417075,15.302539297770869,1.08447822928022,0.0,30.700000000000003
8.331756431614275,15.390945265040658,1.08447822928022,0.0,30.8
8.378493835811476,15.479351232310451,1.08447822928022,0.0,30.900000000000002
8.425231240008674,15.56775719958024,1.08447822928022,0.0,31.0
8.471968644205877,15.656163166850034,1.08447822928022,0.0,31.1
8.518706048403077,15.744569134119827,1.08447822928022,0.0,31.200000000000003
8.565443452600277,15.832975101389616,1.08447822928022,0.0,31.3
8.612180856797478,15.921381068659409,1.08447822928022,0.0,31.400000000000002
8.658918260994678,16.0097870359292,1.08447822928022,0.0,31.5
8.705655665191879,16.098193003198993,1.08447822928022,0.0,31.6
8.75239306938908,16.186598970468786,1.08447822928022,0.0,31.700000000000003
8.79913047358628,16.27500493773858,1.08447822928022,0.0,31.8
8.845867877783482,16.363410905008372,1.08447822928022,0.0,31.900000000000002
8.89260528198068,16.451816872278158,1.08447822928022,0.0,32.0
8.93934268617788,16.54022283954795,1.08447822928022,0.0,32.1
8.986080090375083,16.628628806817744,1.08447822928022,0.0,32.2
9.032817494572283,16.717034774087537,1.08447822928022,0.0,32.300000000000004
9.079554898769482,16.805440741357323,1.08447822928022,0.0,32.4
9.126292302966682,16.893846708627116,1.08447822928022,0.0,32.5
9.173029707163884,16.98225267589691,1.08447822928022,0.0,32.6
9.219767111361085,17.070658643166702,1.08447822928022,0.0,32.7
9.266504515558287,17.159064610436495,1.08447822928022,0.0,32.800000000000004
9.313241919755484,17.247470577706288,1.08447822928022,0.0,32.9
9.359979323952686,17.33587654497608,1.08447822928022,0.0,33.0
9.406716728149886,17.424282512245874,1.08447822928022,0.0,33.1
9.453454132347087,17.512688479515667,1.08447822928022,0.0,33.2
9.500191536544289,17.60109444678546,1.08447822928022,0.0,33.300000000000004
9.546928940741486,17.689500414055246,1.08447822928022,0.0,33.4
9.593666344938688,17.77790638132504,1.08447822928022,0.0,33.5
9.640403749135888,17.866312348594832,1.08447822928022,0.0,33.6
9.68714115333309,17.954718315864625,1.08447822928022,0.0,33.7
9.733878557530291,18.043124283134418,1.08447822928022,0.0,33.800000000000004
9.78061596172749,18.131530250404204,1.08447822928022,0.0,33.9
9.82735336592469,18.219936217673997,1.08447822928022,0.0,34.0
9.87409077012189,18.30834218494379,1.08447822928022,0.0,34.1
9.920828174319093,18.396748152213583,1.08447822928022,0.0,34.2
9.967565578516293,18.485154119483376,1.08447822928022,0.0,34.300000000000004
10.014302982713492,18.57356008675316,1.08447822928022,0.0,34.4
10.061040386910694,18.661966054022955,1.08447822928022,0.0,34.5
10.107777791107893,18.750372021292748,1.08447822928022,0.0,34.6
10.154515195305095,18.83877798856254,1.08447822928022,0.0,34.7
10.201252599502297,18.927183955832334,1.08447822928022,0.0,34.800000000000004
10.247990003699496,19.01558992310212,1.08447822928022,0.0,34.9
10.294727407896694,19.103995890371912,1.08447822928022,0.0,35.0
10.341464812093896,19.192401857641705,1.08447822928022,0.0,35.1
10.388202216291099,19.2808078249115,1.08447822928022,0.0,35.2
10.434939620488297,19.36921379218129,1.08447822928022,0.0,35.300000000000004
10.481677024685496,19.457619759451077,1.08447822928022,0.0,35.4
10.528414428882698,19.546025726720877,1.08447822928022,0.0,35.5
10.5751518330799,19.63443169399067,1.08447822928022,0.0,35.6
10.621889237277099,19.722837661260463,1.08447822928022,0.0,35.7
10.668626641474301,19.811243628530256,1.08447822928022,0.0,35.800000000000004
10.7153640456715,19.899649595800042,1.08447822928022,0.0,35.9
10.762101449868702,19.988055563069835,1.08447822928022,0.0,36.0
10.8088388540659,20.07646153033963,1.08447822928022,0.0,36.1
10.855576258263103,20.16486749760942,1.08447822928022,0.0,36.2
10.902313662460305,20.253273464879214,1.08447822928022,0.0,36.300000000000004
10.9490510666575,20.341679432149,1.08447822928022,0.0,36.4
10.995788470854702,20.430085399418793,1.08447822928022,0.0,36.5
11.042525875051904,20.518491366688586,1.08447822928022,0.0,36.6
11.089263279249106,20.60689733395838,1.08447822928022,0.0,36.7
11.136000683446305,20.695303301228172,1.08447822928022,0.0,36.800000000000004
11.182738087643504,20.783709268497958,1.08447822928022,0.0,36.9
11.229475491840706,20.87211523576775,1.08447822928022,0.0,37.0
11.276212896037908,20.960521203037544,1.08447822928022,0.0,37.1
11.322950300235107,21.048927170307337,1.08447822928022,0.0,37.2
11.369687704432309,21.13733313757713,1.08447822928022,0.0,37.300000000000004
11.416425108629507,21.225739104846916,1.08447822928022,0.0,37.4
11.463162512826706,21.31414507211671,1.08447822928022,0.0,37.5
11.509899917023908,21.402551039386502,1.08447822928022,0.0,37.6
11.55663732122111,21.490957006656302,1.08447822928022,0.0,37.7
11.603374725418313,21.579362973926095,1.08447822928022,0.0,37.800000000000004
11.650112129615508,21.66776894119588,1.08447822928022,0.0,37.9
11.69684953381271,21.756174908465674,1.08447822928022,0.0,38.0
11.743586938009912,21.844580875735467,1.08447822928022,0.0,38.1
11.790324342207114,21.93298684300526,1.08447822928022,0.0,38.2
11.837061746404313,22.021392810275053,1.08447822928022,0.0,38.300000000000004
11.883799150601515,22.109798777544846,1.08447822928022,0.0,38.400000000000006
11.930536554798714,22.198204744814632,1.08447822928022,0.0,38.5
11.977273958995912,22.286610712084425,1.08447822928022,0.0,38.6
12.024011363193114,22.375016679354218,1.08447822928022,0.0,38.7
12.070748767390317,22.46342264662401,1.08447822928022,0.0,38.800000000000004
12.117486171587519,22.551828613893804,1.08447822928022,0.0,38.900000000000006
12.164223575784714,22.64023458116359,1.08447822928022,0.0,39.0
12.210960979981916,22.728640548433383,1.08447822928022,0.0,39.1
12.257698384179118,22.817046515703176,1.08447822928022,0.0,39.2
12.304435788376317,22.90545248297297,1.08447822928022,0.0,39.300000000000004
12.351173192573519,22.99385845024276,1.08447822928022,0.0,39.400000000000006
12.397910596770718,23.082264417512548,1.08447822928022,0.0,39.5
12.44464800096792,23.17067038478234,1.08447822928022,0.0,39.6
12.491385405165119,23.259076352052134,1.08447822928022,0.0,39.7
12.53812280936232,23.347482319321927,1.08447822928022,0.0,39.800000000000004
12.584860213559523,23.43588828659172,1.08447822928022,0.0,39.900000000000006
12.631597617756722,23.524294253861505,1.08447822928022,0.0,40.0
12.67833502195392,23.6127002211313,1.08447822928022,0.0,40.1
12.725072426151122,23.70110618840109,1.08447822928022,0.0,40.2
12.771809830348325,23.789512155670884,1.08447822928022,0.0,40.300000000000004
12.818547234545523,23.877918122940677,1.08447822928022,0.0,40.400000000000006
12.865284638742722,23.96632409021047,1.08447822928022,0.0,40.5
12.912022042939924,24.054730057480263,1.08447822928022,0.0,40.6
12.958759447137126,24.143136024750056,1.08447822928022,0.0,40.7
13.005496851334325,24.23154199201985,1.08447822928022,0.0,40.800000000000004
13.052234255531527,24.319947959289642,1.08447822928022,0.0,40.900000000000006
13.098971659728726,24.40835392655943,1.08447822928022,0.0,41.0
13.145709063925928,24.49675989382922,1.08447822928022,0.0,41.1
13.192446468123126,24.585165861099014,1.08447822928022,0.0,41.2
13.239183872320329,24.673571828368807,1.08447822928022,0.0,41.300000000000004
13.28592127651753,24.7619777956386,1.08447822928022,0.0,41.400000000000006
13.33265868071473,24.850383762908386,1.08447822928022,0.0,41.5
13.379396084911928,24.93878973017818,1.08447822928022,0.0,41.6
13.42613348910913,25.027195697447972,1.08447822928022,0.0,41.7
13.472870893306332,25.115601664717765,1.08447822928022,0.0,41.800000000000004
13.519608297503531,25.204007631987558,1.08447822928022,0.0,41.900000000000006
13.56634570170073,25.292413599257344,1.08447822928022,0.0,42.0
13.613083105897932,25.380819566527137,1.08447822928022,0.0,42.1
13.659820510095134,25.46922553379693,1.08447822928022,0.0,42.2
13.706557914292333,25.557631501066723,1.08447822928022,0.0,42.300000000000004
13.753295318489535,25.646037468336516,1.08447822928022,0.0,42.400000000000006
13.800032722686733,25.734443435606302,1.08447822928022,0.0,42.5
13.846770126883936,25.822849402876095,1.08447822928022,0.0,42.6
13.893507531081134,25.911255370145888,1.08447822928022,0.0,42.7
13.940244935278336,25.99966133741568,1.08447822928022,0.0,42.800000000000004
13.986982339475539,26.088067304685474,1.08447822928022,0.0,42.900000000000006
14.033719743672734,26.17647327195526,1.08447822928022,0.0,43.0
14.080457147869936,26.264879239225053,1.08447822928022,0.0,43.1
14.127194552067138,26.353285206494846,1.08447822928022,0.0,43.2
14.17393195626434,26.44169117376464,1.08447822928022,0.0,43.300000000000004
14.220669360461539,26.53009714103444,1.08447822928022,0.0,43.400000000000006
14.267406764658737,26.618503108304225,1.08447822928022,0.0,43.5
14.31414416885594,26.706909075574018,1.08447822928022,0.0,43.6
14.360881573053138,26.79531504284381,1.08447822928022,0.0,43.7
14.40761897725034,26.883721010113604,1.08447822928022,0.0,43.800000000000004
14.454356381447543,26.972126977383397,1.08447822928022,0.0,43.900000000000006
14.501093785644741,27.060532944653183,1.08447822928022,0.0,44.0
14.54783118984194,27.148938911922976,1.08447822928022,0.0,44.1
14.594568594039142,27.23734487919277,1.08447822928022,0.0,44.2
14.641305998236344,27.32575084646256,1.08447822928022,0.0,44.300000000000004
14.688043402433546,27.414156813732355,1.08447822928022,0.0,44.400000000000006
14.734780806630742,27.50256278100214,1.08447822928022,0.0,44.5
14.781518210827944,27.590968748271933,1.08447822928022,0.0,44.6
14.828255615025146,27.679374715541726,1.08447822928022,0.0,44.7
14.874993019222345,27.76778068281152,1.08447822928022,0.0,44.800000000000004
14.921730423419547,27.856186650081312,1.08447822928022,0.0,44.900000000000006
14.968467827616745,27.9445926173511,1.08447822928022,0.0,45.0
15.015205231813948,28.03299858462089,1.08447822928022,0.0,45.1
15.061942636011146,28.121404551890684,1.08447822928022,0.0,45.2
15.108680040208348,28.209810519160477,1.08447822928022,0.0,45.300000000000004
15.15541744440555,28.29821648643027,1.08447822928022,0.0,45.400000000000006
15.20215484860275,28.386622453700056,1.08447822928022,0.0,45.5
15.248892252799948,28.47502842096985,1.08447822928022,0.0,45.6
15.29562965699715,28.563434388239642,1.08447822928022,0.0,45.7
15.342367061194352,28.651840355509435,1.08447822928022,0.0,45.800000000000004
15.38910446539155,28.740246322779228,1.08447822928022,0.0,45.900000000000006
15.43584186958875,28.82865229004902,1.08447822928022,0.0,46.0
15.482579273785952,28.917058257318814,1.08447822928022,0.0,46.1
15.529316677983154,29.005464224588607,1.08447822928022,0.0,46.2
15.576054082180352,29.0938701918584,1.08447822928022,0.0,46.300000000000004
15.622791486377555,29.182276159128193,1.08447822928022,0.0,46.400000000000006
15.669528890574753,29.27068212639798,1.08447822928022,0.0,46.5
15.716266294771955,29.359088093667772,1.08447822928022,0.0,46.6
15.763003698969154,29.447494060937565,1.08447822928022,0.0,46.7
15.809741103166356,29.535900028207358,1.08447822928022,0.0,46.800000000000004
15.856478507363558,29.62430599547715,1.08447822928022,0.0,46.900000000000006
15.903215911560753,29.712711962746937,1.08447822928022,0.0,47.0
15.949953315757956,29.80111793001673,1.08447822928022,0.0,47.1
15.996690719955158,29.889523897286523,1.08447822928022,0.0,47.2
16.04342812415236,29.977929864556316,1.08447822928022,0.0,47.300000000000004
16.09016552834956,30.06633583182611,1.08447822928022,0.0,47.400000000000006
16.136902932546757,30.154741799095895,1.08447822928022,0.0,47.5
16.18364033674396,30.243147766365688,1.08447822928022,0.0,47.6
16.23037774094116,30.33155373363548,1.08447822928022,0.0,47.7
16.27711514513836,30.419959700905274,1.08447822928022,0.0,47.800000000000004
16.323852549335562,30.508365668175067,1.08447822928022,0.0,47.900000000000006
16.37058995353276,30.596771635444853,1.08447822928022,0.0,48.0
16.41732735772996,30.685177602714646,1.08447822928022,0.0,48.1
16.464064761927162,30.77358356998444,1.08447822928022,0.0,48.2
16.510802166124364,30.86198953725423,1.08447822928022,0.0,48.300000000000004
16.557539570321566,30.950395504524025,1.08447822928022,0.0,48.400000000000006
16.60427697451876,31.03880147179381,1.08447822928022,0.0,48.5
16.651014378715963,31.127207439063604,1.08447822928022,0.0,48.6
16.697751782913166,31.215613406333397,1.08447822928022,0.0,48.7
16.744489187110368,31.30401937360319,1.08447822928022,0.0,48.800000000000004
16.791226591307566,31.392425340872983,1.08447822928022,0.0,48.900000000000006
16.837963995504765,31.480831308142776,1.08447822928022,0.0,49.0
16.884701399701967,31.56923727541257,1.08447822928022,0.0,49.1
16.931438803899166,31.65764324268236,1.08447822928022,0.0,49.2
16.978176208096368,31.746049209952155,1.08447822928022,0.0,49.300000000000004
17.02491361229357,31.834455177221948,1.08447822928022,0.0,49.400000000000006
17.07165101649077,31.922861144491733,1.08447822928022,0.0,49.5
17.118388420687968,32.011267111761526,1.08447822928022,0.0,49.6
17.16512582488517,32.09967307903132,1.08447822928022,0.0,49.7
17.211863229082372,32.18807904630111,1.08447822928022,0.0,49.800000000000004
17.258600633279574,32.276485013570905,1.08447822928022,0.0,49.900000000000006
17.30533803747677,32.36489098084069,1.08447822928022,0.0,50.0
17.35207544167397,32.453296948110484,1.08447822928022,0.0,50.1
17.398812845871173,32.54170291538028,1.08447822928022,0.0,50.2
17.445550250068372,32.63010888265007,1.08447822928022,0.0,50.300000000000004
17.492287654265574,32.71851484991986,1.08447822928022,0.0,50.400000000000006
17.539025058462773,32.80692081718965,1.08447822928022,0.0,50.5
17.585762462659975,32.89532678445944,1.08447822928022,0.0,50.6
17.632499866857174,32.983732751729235,1.08447822928022,0.0,50.7
17.679237271054376,33.07213871899903,1.08447822928022,0.0,50.800000000000004
17.725974675251578,33.16054468626882,1.08447822928022,0.0,50.900000000000006
17.772712079448777,33.24895065353861,1.08447822928022,0.0,51.0
17.819449483645975,33.3373566208084,1.08447822928022,0.0,51.1
17.866186887843178,33.42576258807819,1.08447822928022,0.0,51.2
17.91292429204038,33.514168555347986,1.08447822928022,0.0,51.300000000000004
17.95966169623758,33.60257452261778,1.08447822928022,0.0,51.400000000000006
18.006399100434777,33.69098048988757,1.08447822928022,0.0,51.5
18.05313650463198,33.779386457157365,1.08447822928022,0.0,51.6
18.09987390882918,33.86779242442716,1.08447822928022,0.0,51.7
18.14661131302638,33.95619839169695,1.08447822928022,0.0,51.800000000000004
18.193348717223582,34.044604358966744,1.08447822928022,0.0,51.900000000000006
18.24008612142078,34.13301032623653,1.08447822928022,0.0,52.0
18.286823525617983,34.22141629350632,1.08447822928022,0.0,52.1
18.33356092981518,34.309822260776116,1.08447822928022,0.0,52.2
18.380298334012384,34.39822822804591,1.08447822928022,0.0,52.300000000000004
18.427035738209586,34.4866341953157,1.08447822928022,0.0,52.400000000000006
18.47377314240678,34.57504016258549,1.08447822928022,0.0,52.5
18.520510546603983,34.66344612985528,1.08447822928022,0.0,52.6
18.567247950801185,34.751852097125074,1.08447822928022,0.0,52.7
18.613985354998388,34.84025806439487,1.08447822928022,0.0,52.800000000000004
18.660722759195586,34.92866403166466,1.08447822928022,0.0,52.900000000000006
18.707460163392785,35.017069998934446,1.08447822928022,0.0,53.0
18.754197567589987,35.10547596620424,1.08447822928022,0.0,53.1
18.80093497178719,35.19388193347403,1.08447822928022,0.0,53.2
18.847672375984388,35.282287900743825,1.08447822928022,0.0,53.300000000000004
18.89440978018159,35.37069386801362,1.08447822928022,0.0,53.400000000000006
18.94114718437879,35.4590998352834,1.08447822928022,0.0,53.5
18.987884588575987,35.5475058025532,1.08447822928022,0.0,53.6
19.03462199277319,35.63591176982299,1.08447822928022,0.0,53.7
19.08135939697039,35.72431773709278,1.08447822928022,0.0,53.800000000000004
19.128096801167594,35.812723704362575,1.08447822928022,0.0,53.900000000000006
19.17483420536479,35.90112967163236,1.08447822928022,0.0,54.0
19.22157160956199,35.989535638902154,1.08447822928022,0.0,54.1
19.268309013759193,36.07794160617195,1.08447822928022,0.0,54.2
19.315046417956392,36.16634757344174,1.08447822928022,0.0,54.300000000000004
19.361783822153594,36.25475354071153,1.08447822928022,0.0,54.400000000000006
19.408521226350793,36.343159507981326,1.08447822928022,0.0,54.5
19.455258630547995,36.43156547525112,1.08447822928022,0.0,54.6
19.501996034745193,36.51997144252091,1.08447822928022,0.0,54.7
19.548733438942396,36.608377409790705,1.08447822928022,0.0,54.800000000000004
19.595470843139598,36.6967833770605,1.08447822928022,0.0,54.900000000000006
19.642208247336796,36.785189344330284,1.08447822928022,0.0,55.0
19.688945651533995,36.87359531160008,1.08447822928022,0.0,55.1
19.735683055731197,36.96200127886987,1.08447822928022,0.0,55.2
19.7824204599284,37.05040724613966,1.08447822928022,0.0,55.300000000000004
19.829157864125598,37.138813213409456,1.08447822928022,0.0,55.400000000000006
19.875895268322797,37.22721918067924,1.08447822928022,0.0,55.5
19.92263267252,37.315625147949035,1.08447822928022,0.0,55.6
19.9693700767172,37.40403111521883,1.08447822928022,0.0,55.7
20.0161074809144,37.49243708248862,1.08447822928022,0.0,55.800000000000004
20.062844885111602,37.580843049758414,1.08447822928022,0.0,55.900000000000006
20.1095822893088,37.6692490170282,1.08447822928022,0.0,56.0
20.156319693506003,37.75765498429799,1.08447822928022,0.0,56.1
20.2030570977032,37.846060951567786,1.08447822928022,0.0,56.2
20.249794501900404,37.93446691883758,1.08447822928022,0.0,56.300000000000004
20.296531906097606,38.02287288610737,1.08447822928022,0.0,56.400000000000006
20.343269310294804,38.11127885337716,1.08447822928022,0.0,56.5
20.390006714492003,38.19968482064695,1.08447822928022,0.0,56.6
20.436744118689205,38.288090787916744,1.08447822928022,0.0,56.7
20.483481522886407,38.37649675518654,1.08447822928022,0.0,56.800000000000004
20.530218927083606,38.46490272245633,1.08447822928022,0.0,56.900000000000006
20.576956331280805,38.553308689726116,1.08447822928022,0.0,57.0
20.623693735478007,38.64171465699591,1.08447822928022,0.0,57.1
20.67043113967521,38.73012062426571,1.08447822928022,0.0,57.2
20.717168543872408,38.8185265915355,1.08447822928022,0.0,57.300000000000004
20.76390594806961,38.906932558805295,1.08447822928022,0.0,57.400000000000006
20.81064335226681,38.99533852607508,1.08447822928022,0.0,57.5
20.857380756464007,39.083744493344874,1.08447822928022,0.0,57.6
20.90411816066121,39.17215046061467,1.08447822928022,0.0,57.7
20.95085556485841,39.26055642788446,1.08447822928022,0.0,57.800000000000004
20.997592969055614,39.34896239515425,1.08447822928022,0.0,57.900000000000006
21.04433037325281,39.43736836242404,1.08447822928022,0.0,58.0
21.09106777745001,39.52577432969383,1.08447822928022,0.0,58.1
21.137805181647213,39.614180296963625,1.08447822928022,0.0,58.2
21.184542585844415,39.70258626423342,1.08447822928022,0.0,58.300000000000004
21.231279990041614,39.79099223150321,1.08447822928022,0.0,58.400000000000006
21.278017394238812,39.879398198772996,1.08447822928022,0.0,58.5
21.324754798436015,39.96780416604279,1.08447822928022,0.0,58.6
21.371492202633213,40.05621013331258,1.08447822928022,0.0,58.7
21.418229606830415,40.144616100582375,1.08447822928022,0.0,58.800000000000004
21.464967011027618,40.23302206785217,1.08447822928022,0.0,58.900000000000006
21.511704415224816,40.321428035121954,1.08447822928022,0.0,59.0
21.558441819422015,40.40983400239175,1.08447822928022,0.0,59.1
21.605179223619217,40.49823996966154,1.08447822928022,0.0,59.2
21.65191662781642,40.58664593693133,1.08447822928022,0.0,59.300000000000004
21.69865403201362,40.675051904201126,1.08447822928022,0.0,59.400000000000006
21.745391436210816,40.76345787147091,1.08447822928022,0.0,59.5
21.79212884040802,40.851863838740705,1.08447822928022,0.0,59.6
21.83886624460522,40.9402698060105,1.08447822928022,0.0,59.7
21.88560364880242,41.02867577328029,1.08447822928022,0.0,59.800000000000004
21.93234105299962,41.117081740550084,1.08447822928022,0.0,59.900000000000006
21.97907845719682,41.20548770781988,1.08447822928022,0.0,60.0
22.025815861394022,41.29389367508967,1.08447822928022,0.0,60.1
22.07255326559122,41.38229964235946,1.08447822928022,0.0,60.2
22.119290669788423,41.470705609629256,1.08447822928022,0.0,60.300000000000004
22.166028073985625,41.55911157689905,1.08447822928022,0.0,60.400000000000006
22.212765478182824,41.647517544168835,1.08447822928022,0.0,60.5
22.259502882380023,41.73592351143863,1.08447822928022,0.0,60.6
22.306240286577225,41.82432947870842,1.08447822928022,0.0,60.7
22.352977690774427,41.912735445978214,1.08447822928022,0.0,60.800000000000004
22.399715094971626,42.00114141324801,1.08447822928022,0.0,60.900000000000006
22.446452499168824,42.08954738051779,1.08447822928022,0.0,61.0
22.493189903366027,42.177953347787586,1.08447822928022,0.0,61.1
22.53992730756323,42.26635931505738,1.08447822928022,0.0,61.2
22.586664711760427,42.35476528232717,1.08447822928022,0.0,61.300000000000004
22.63340211595763,42.443171249596965,1.08447822928022,0.0,61.400000000000006
22.680139520154828,42.53157721686675,1.08447822928022,0.0,61.5
22.72687692435203,42.619983184136544,1.08447822928022,0.0,61.6
22.77361432854923,42.70838915140634,1.08447822928022,0.0,61.7
22.82035173274643,42.79679511867613,1.08447822928022,0.0,61.800000000000004
22.867089136943633,42.88520108594592,1.08447822928022,0.0,61.900000000000006
22.91382654114083,42.97360705321571,1.08447822928022,0.0,62.0
22.96056394533803,43.0620130204855,1.08447822928022,0.0,62.1
23.007301349535233,43.150418987755295,1.08447822928022,0.0,62.2
23.054038753732435,43.23882495502509,1.08447822928022,0.0,62.300000000000004
23.100776157929634,43.32723092229488,1.08447822928022,0.0,62.400000000000006
23.147513562126832,43.41563688956467,1.08447822928022,0.0,62.5
23.194250966324034,43.50404285683446,1.08447822928022,0.0,62.6
23.240988370521237,43.59244882410425,1.08447822928022,0.0,62.7
23.287725774718435,43.680854791374045,1.08447822928022,0.0,62.800000000000004
23.334463178915637,43.769260758643846,1.08447822928022,0.0,62.900000000000006
23.381200583112836,43.85766672591363,1.08447822928022,0.0,63.0
23.427937987310035,43.946072693183424,1.08447822928022,0.0,63.1
23.474675391507237,44.03447866045322,1.08447822928022,0.0,63.2
23.52141279570444,44.12288462772301,1.08447822928022,0.0,63.300000000000004
23.56815019990164,44.2112905949928,1.08447822928022,0.0,63.400000000000006
23.614887604098836,44.29969656226259,1.08447822928022,0.0,63.5
23.66162500829604,44.38810252953238,1.08447822928022,0.0,63.6
23.70836241249324,44.476508496802175,1.08447822928022,0.0,63.7
23.755099816690443,44.56491446407197,1.08447822928022,0.0,63.800000000000004
23.80183722088764,44.65332043134176,1.08447822928022,0.0,63.900000000000006
23.84857462508484,44.74172639861155,1.08447822928022,0.0,64.0
23.895312029282046,44.83013236588135,1.08447822928022,0.0,64.10000000000001
23.94204943347924,44.91853833315113,1.08447822928022,0.0,64.2
