119.6565854,314.1869267,1.594378826,0,0
119.6542274,314.2868989,1.594378826,0,0.1
119.6518694,314.3868711,1.594378826,0,0.2
119.6495113,314.4868433,1.594378826,0,0.3
119.6471533,314.5868155,1.594378826,0,0.4
119.6447953,314.6867876,1.594378826,0,0.5
119.6424372,314.7867598,1.594378826,0,0.6
119.6400792,314.886732,1.594378826,0,0.7
119.6377212,314.9867042,1.594378826,0,0.8
119.6353631,315.0866764,1.594378826,0,0.9
119.6330051,315.1866486,1.594378826,0,1
119.6306471,315.2866208,1.594378826,0,1.1
119.628289,315.386593,1.594378826,0,1.2
119.625931,315.4865652,1.594378826,0,1.3
119.623573,315.5865374,1.594378826,0,1.4
119.621215,315.6865096,1.594378826,0,1.5
119.6188569,315.7864818,1.594378826,0,1.6
119.6164989,315.886454,1.594378826,0,1.7
119.6141409,315.9864262,1.594378826,0,1.8
119.6117828,316.0863984,1.594378826,0,1.9
119.6094248,316.1863706,1.594378826,0,2
119.6070668,316.2863428,1.594378826,0,2.1
119.6047087,316.386315,1.594378826,0,2.2
119.6023507,316.4862872,1.594378826,0,2.3
119.5999927,316.5862593,1.594378826,0,2.4
119.5976346,316.6862315,1.594378826,0,2.5
119.5952766,316.7862037,1.594378826,0,2.6
119.5929186,316.8861759,1.594378826,0,2.7
119.5905605,316.9861481,1.594378826,0,2.8
119.5882025,317.0861203,1.594378826,0,2.9
119.5858445,317.1860925,1.594378826,0,3
119.5834865,317.2860647,1.594378826,0,3.1
119.5811284,317.3860369,1.594378826,0,3.2
119.5787704,317.4860091,1.594378826,0,3.3
119.5764124,317.5859813,1.594378826,0,3.4
119.5740543,317.6859535,1.594378826,0,3.5
119.5716963,317.7859257,1.594378826,0,3.6
119.5693383,317.8858979,1.594378826,0,3.7
119.5669802,317.9858701,1.594378826,0,3.8
119.5646222,318.0858423,1.594378826,0,3.9
119.5622642,318.1858145,1.594378826,0,4
119.5599061,318.2857867,1.594378826,0,4.1
119.5575481,318.3857588,1.594378826,0,4.2
119.5551901,318.485731,1.594378826,0,4.3
119.552832,318.5857032,1.594378826,0,4.4
119.550474,318.6856754,1.594378826,0,4.5
119.548116,318.7856476,1.594378826,0,4.6
119.545758,318.8856198,1.594378826,0,4.7
119.5433999,318.985592,1.594378826,0,4.8
119.5410419,319.0855642,1.594378826,0,4.9
119.5386839,319.1855364,1.594378826,0,5
119.5363258,319.2855086,1.594378826,0,5.1
119.5339678,319.3854808,1.594378826,0,5.2
119.5316098,319.485453,1.594378826,0,5.3
119.5292517,319.5854252,1.594378826,0,5.4
119.5268937,319.6853974,1.594378826,0,5.5
119.5245357,319.7853696,1.594378826,0,5.6
119.5221776,319.8853418,1.594378826,0,5.7
119.5198196,319.985314,1.594378826,0,5.8
119.5174616,320.0852862,1.594378826,0,5.9
119.5151035,320.1852584,1.594378826,0,6
119.5127455,320.2852305,1.594378826,0,6.1
119.5103875,320.3852027,1.594378826,0,6.2
119.5080294,320.4851749,1.594378826,0,6.3
119.5056714,320.5851471,1.594378826,0,6.4
119.5033134,320.6851193,1.594378826,0,6.5
119.5009554,320.7850915,1.594378826,0,6.6
119.4985973,320.8850637,1.594378826,0,6.7
119.4962393,320.9850359,1.594378826,0,6.8
119.4938813,321.0850081,1.594378826,0,6.9
119.4915232,321.1849803,1.594378826,0,7
119.4891652,321.2849525,1.594378826,0,7.1
119.4868072,321.3849247,1.594378826,0,7.2
119.4844491,321.4848969,1.594378826,0,7.3
119.4820911,321.5848691,1.594378826,0,7.4
119.4797331,321.6848413,1.594378826,0,7.5
119.477375,321.7848135,1.594378826,0,7.6
119.475017,321.8847857,1.594378826,0,7.7
119.472659,321.9847579,1.594378826,0,7.8
119.4703009,322.08473,1.594378826,0,7.9
119.4679429,322.1847022,1.594378826,0,8
119.4655849,322.2846744,1.594378826,0,8.1
119.4632269,322.3846466,1.594378826,0,8.2
119.4608688,322.4846188,1.594378826,0,8.3
119.4585108,322.584591,1.594378826,0,8.4
119.4561528,322.6845632,1.594378826,0,8.5
119.4537947,322.7845354,1.594378826,0,8.6
119.4514367,322.8845076,1.594378826,0,8.7
119.4490787,322.9844798,1.594378826,0,8.8
119.4467206,323.084452,1.594378826,0,8.9
119.4443626,323.1844242,1.594378826,0,9
119.4420046,323.2843964,1.594378826,0,9.1
119.4396465,323.3843686,1.594378826,0,9.2
119.4372885,323.4843408,1.594378826,0,9.3
119.4349305,323.584313,1.594378826,0,9.4
119.4325724,323.6842852,1.594378826,0,9.5
119.4302144,323.7842574,1.594378826,0,9.6
119.4278564,323.8842296,1.594378826,0,9.7
119.4254984,323.9842017,1.594378826,0,9.8
119.4231403,324.0841739,1.594378826,0,9.9
119.4207823,324.1841461,1.594378826,0,10
119.4184243,324.2841183,1.594378826,0,10.1
119.4160662,324.3840905,1.594378826,0,10.2
119.4137082,324.4840627,1.594378826,0,10.3
119.4113502,324.5840349,1.594378826,0,10.4
119.4089921,324.6840071,1.594378826,0,10.5
119.4066341,324.7839793,1.594378826,0,10.6
119.4042761,324.8839515,1.594378826,0,10.7
119.401918,324.9839237,1.594378826,0,10.8
119.39956,325.0838959,1.594378826,0,10.9
119.397202,325.1838681,1.594378826,0,11
119.3948439,325.2838403,1.594378826,0,11.1
119.3924859,325.3838125,1.594378826,0,11.2
119.3901279,325.4837847,1.594378826,0,11.3
119.3877699,325.5837569,1.594378826,0,11.4
119.3854118,325.6837291,1.594378826,0,11.5
119.3830538,325.7837012,1.594378826,0,11.6
119.3806958,325.8836734,1.594378826,0,11.7
119.3783377,325.9836456,1.594378826,0,11.8
119.3759797,326.0836178,1.594378826,0,11.9
119.3736217,326.18359,1.594378826,0,12
119.3712636,326.2835622,1.594378826,0,12.1
119.3689056,326.3835344,1.594378826,0,12.2
119.3665476,326.4835066,1.594378826,0,12.3
119.3641895,326.5834788,1.594378826,0,12.4
119.3618315,326.683451,1.594378826,0,12.5
119.3594735,326.7834232,1.594378826,0,12.6
119.3571154,326.8833954,1.594378826,0,12.7
119.3547574,326.9833676,1.594378826,0,12.8
119.3523994,327.0833398,1.594378826,0,12.9
119.3500414,327.183312,1.594378826,0,13
119.3476833,327.2832842,1.594378826,0,13.1
119.3453253,327.3832564,1.594378826,0,13.2
119.3429673,327.4832286,1.594378826,0,13.3
119.3406092,327.5832007,1.594378826,0,13.4
119.3382512,327.6831729,1.594378826,0,13.5
119.3358932,327.7831451,1.594378826,0,13.6
119.3335351,327.8831173,1.594378826,0,13.7
119.3311771,327.9830895,1.594378826,0,13.8
119.3288191,328.0830617,1.594378826,0,13.9
119.326461,328.1830339,1.594378826,0,14
119.324103,328.2830061,1.594378826,0,14.1
119.321745,328.3829783,1.594378826,0,14.2
119.3193869,328.4829505,1.594378826,0,14.3
119.3170289,328.5829227,1.594378826,0,14.4
119.3146709,328.6828949,1.594378826,0,14.5
119.3123129,328.7828671,1.594378826,0,14.6
119.3099548,328.8828393,1.594378826,0,14.7
119.3075968,328.9828115,1.594378826,0,14.8
119.3052388,329.0827837,1.594378826,0,14.9
119.3028807,329.1827559,1.594378826,0,15
119.3005227,329.2827281,1.594378826,0,15.1
119.2981647,329.3827003,1.594378826,0,15.2
119.2958066,329.4826724,1.594378826,0,15.3
119.2934486,329.5826446,1.594378826,0,15.4
119.2910906,329.6826168,1.594378826,0,15.5
119.2887325,329.782589,1.594378826,0,15.6
119.2863745,329.8825612,1.594378826,0,15.7
119.2840165,329.9825334,1.594378826,0,15.8
119.2816584,330.0825056,1.594378826,0,15.9
119.2793004,330.1824778,1.594378826,0,16
119.2769424,330.28245,1.594378826,0,16.1
119.2745843,330.3824222,1.594378826,0,16.2
119.2722263,330.4823944,1.594378826,0,16.3
119.2698683,330.5823666,1.594378826,0,16.4
119.2675103,330.6823388,1.594378826,0,16.5
119.2651522,330.782311,1.594378826,0,16.6
119.2627942,330.8822832,1.594378826,0,16.7
119.2604362,330.9822554,1.594378826,0,16.8
119.2580781,331.0822276,1.594378826,0,16.9
119.2557201,331.1821998,1.594378826,0,17
119.2533621,331.2821719,1.594378826,0,17.1
119.251004,331.3821441,1.594378826,0,17.2
119.248646,331.4821163,1.594378826,0,17.3
119.246288,331.5820885,1.594378826,0,17.4
119.2439299,331.6820607,1.594378826,0,17.5
119.2415719,331.7820329,1.594378826,0,17.6
119.2392139,331.8820051,1.594378826,0,17.7
119.2368558,331.9819773,1.594378826,0,17.8
119.2344978,332.0819495,1.594378826,0,17.9
119.2321398,332.1819217,1.594378826,0,18
119.2297818,332.2818939,1.594378826,0,18.1
119.2274237,332.3818661,1.594378826,0,18.2
119.2250657,332.4818383,1.594378826,0,18.3
119.2227077,332.5818105,1.594378826,0,18.4
119.2203496,332.6817827,1.594378826,0,18.5
119.2179916,332.7817549,1.594378826,0,18.6
119.2156336,332.8817271,1.594378826,0,18.7
119.2132755,332.9816993,1.594378826,0,18.8
119.2109175,333.0816715,1.594378826,0,18.9
119.2085595,333.1816436,1.594378826,0,19
119.2062014,333.2816158,1.594378826,0,19.1
119.2038434,333.381588,1.594378826,0,19.2
119.2014854,333.4815602,1.594378826,0,19.3
119.1991273,333.5815324,1.594378826,0,19.4
119.1967693,333.6815046,1.594378826,0,19.5
119.1944113,333.7814768,1.594378826,0,19.6
119.1920533,333.881449,1.594378826,0,19.7
119.1896952,333.9814212,1.594378826,0,19.8
119.1873372,334.0813934,1.594378826,0,19.9
119.1849792,334.1813656,1.594378826,0,20
119.1826211,334.2813378,1.594378826,0,20.1
119.1802631,334.38131,1.594378826,0,20.2
119.1779051,334.4812822,1.594378826,0,20.3
119.175547,334.5812544,1.594378826,0,20.4
119.173189,334.6812266,1.594378826,0,20.5
119.170831,334.7811988,1.594378826,0,20.6
119.1684729,334.881171,1.594378826,0,20.7
119.1661149,334.9811431,1.594378826,0,20.8
119.1637569,335.0811153,1.594378826,0,20.9
119.1613988,335.1810875,1.594378826,0,21
119.1590408,335.2810597,1.594378826,0,21.1
119.1566828,335.3810319,1.594378826,0,21.2
119.1543248,335.4810041,1.594378826,0,21.3
119.1519667,335.5809763,1.594378826,0,21.4
119.1496087,335.6809485,1.594378826,0,21.5
119.1472507,335.7809207,1.594378826,0,21.6
119.1448926,335.8808929,1.594378826,0,21.7
119.1425346,335.9808651,1.594378826,0,21.8
119.1401766,336.0808373,1.594378826,0,21.9
119.1378185,336.1808095,1.594378826,0,22
119.1354605,336.2807817,1.594378826,0,22.1
119.1331025,336.3807539,1.594378826,0,22.2
119.1307444,336.4807261,1.594378826,0,22.3
119.1283864,336.5806983,1.594378826,0,22.4
119.1260284,336.6806705,1.594378826,0,22.5
119.1236703,336.7806427,1.594378826,0,22.6
119.1213123,336.8806148,1.594378826,0,22.7
119.1189543,336.980587,1.594378826,0,22.8
119.1165963,337.0805592,1.594378826,0,22.9
119.1142382,337.1805314,1.594378826,0,23
119.1118802,337.2805036,1.594378826,0,23.1
119.1095222,337.3804758,1.594378826,0,23.2
119.1071641,337.480448,1.594378826,0,23.3
119.1048061,337.5804202,1.594378826,0,23.4
119.1024481,337.6803924,1.594378826,0,23.5
119.10009,337.7803646,1.594378826,0,23.6
119.097732,337.8803368,1.594378826,0,23.7
119.095374,337.980309,1.594378826,0,23.8
119.0930159,338.0802812,1.594378826,0,23.9
119.0906579,338.1802534,1.594378826,0,24
119.0882999,338.2802256,1.594378826,0,24.1
119.0859418,338.3801978,1.594378826,0,24.2
119.0835838,338.48017,1.594378826,0,24.3
119.0812258,338.5801422,1.594378826,0,24.4
119.0788678,338.6801143,1.594378826,0,24.5
119.0765097,338.7800865,1.594378826,0,24.6
119.0741517,338.8800587,1.594378826,0,24.7
119.0717937,338.9800309,1.594378826,0,24.8
119.0694356,339.0800031,1.594378826,0,24.9
119.0670776,339.1799753,1.594378826,0,25
119.0647196,339.2799475,1.594378826,0,25.1
119.0623615,339.3799197,1.594378826,0,25.2
119.0600035,339.4798919,1.594378826,0,25.3
119.0576455,339.5798641,1.594378826,0,25.4
119.0552874,339.6798363,1.594378826,0,25.5
119.0529294,339.7798085,1.594378826,0,25.6
119.0505714,339.8797807,1.594378826,0,25.7
119.0482133,339.9797529,1.594378826,0,25.8
119.0458553,340.0797251,1.594378826,0,25.9
119.0434973,340.1796973,1.594378826,0,26
119.0411392,340.2796695,1.594378826,0,26.1
119.0387812,340.3796417,1.594378826,0,26.2
119.0364232,340.4796139,1.594378826,0,26.3
119.0340652,340.579586,1.594378826,0,26.4
119.0317071,340.6795582,1.594378826,0,26.5
119.0293491,340.7795304,1.594378826,0,26.6
119.0269911,340.8795026,1.594378826,0,26.7
119.024633,340.9794748,1.594378826,0,26.8
119.022275,341.079447,1.594378826,0,26.9
119.019917,341.1794192,1.594378826,0,27
119.0175589,341.2793914,1.594378826,0,27.1
119.0152009,341.3793636,1.594378826,0,27.2
119.0128429,341.4793358,1.594378826,0,27.3
119.0104848,341.579308,1.594378826,0,27.4
119.0081268,341.6792802,1.594378826,0,27.5
119.0057688,341.7792524,1.594378826,0,27.6
119.0034107,341.8792246,1.594378826,0,27.7
119.0010527,341.9791968,1.594378826,0,27.8
118.9986947,342.079169,1.594378826,0,27.9
118.9963367,342.1791412,1.594378826,0,28
118.9939786,342.2791134,1.594378826,0,28.1
118.9916206,342.3790855,1.594378826,0,28.2
118.9892626,342.4790577,1.594378826,0,28.3
118.9869045,342.5790299,1.594378826,0,28.4
118.9845465,342.6790021,1.594378826,0,28.5
118.9821885,342.7789743,1.594378826,0,28.6
118.9798304,342.8789465,1.594378826,0,28.7
118.9774724,342.9789187,1.594378826,0,28.8
118.9751144,343.0788909,1.594378826,0,28.9
118.9727563,343.1788631,1.594378826,0,29
118.9703983,343.2788353,1.594378826,0,29.1
118.9680403,343.3788075,1.594378826,0,29.2
118.9656822,343.4787797,1.594378826,0,29.3
118.9633242,343.5787519,1.594378826,0,29.4
118.9609662,343.6787241,1.594378826,0,29.5
118.9586082,343.7786963,1.594378826,0,29.6
118.9562501,343.8786685,1.594378826,0,29.7
118.9538921,343.9786407,1.594378826,0,29.8
118.9515341,344.0786129,1.594378826,0,29.9
118.949176,344.178585,1.594378826,0,30
118.946818,344.2785572,1.594378826,0,30.1
118.94446,344.3785294,1.594378826,0,30.2
118.9421019,344.4785016,1.594378826,0,30.3
118.9397439,344.5784738,1.594378826,0,30.4
118.9373859,344.678446,1.594378826,0,30.5
118.9350278,344.7784182,1.594378826,0,30.6
118.9326698,344.8783904,1.594378826,0,30.7
118.9303118,344.9783626,1.594378826,0,30.8
118.9279537,345.0783348,1.594378826,0,30.9
118.9255957,345.178307,1.594378826,0,31
118.9232377,345.2782792,1.594378826,0,31.1
118.9208797,345.3782514,1.594378826,0,31.2
118.9185216,345.4782236,1.594378826,0,31.3
118.9161636,345.5781958,1.594378826,0,31.4
118.9138056,345.678168,1.594378826,0,31.5
118.9114475,345.7781402,1.594378826,0,31.6
118.9090895,345.8781124,1.594378826,0,31.7
118.9067315,345.9780846,1.594378826,0,31.8
118.9043734,346.0780567,1.594378826,0,31.9
118.9020154,346.1780289,1.594378826,0,32
118.8996574,346.2780011,1.594378826,0,32.1
118.8972993,346.3779733,1.594378826,0,32.2
118.8949413,346.4779455,1.594378826,0,32.3
118.8925833,346.5779177,1.594378826,0,32.4
118.8902252,346.6778899,1.594378826,0,32.5
118.8878672,346.7778621,1.594378826,0,32.6
118.8855092,346.8778343,1.594378826,0,32.7
118.8831512,346.9778065,1.594378826,0,32.8
118.8807931,347.0777787,1.594378826,0,32.9
118.8784351,347.1777509,1.594378826,0,33
118.8760771,347.2777231,1.594378826,0,33.1
118.873719,347.3776953,1.594378826,0,33.2
118.871361,347.4776675,1.594378826,0,33.3
118.869003,347.5776397,1.594378826,0,33.4
118.8666449,347.6776119,1.594378826,0,33.5
118.8642869,347.7775841,1.594378826,0,33.6
118.8619289,347.8775562,1.594378826,0,33.7
118.8595708,347.9775284,1.594378826,0,33.8
118.8572128,348.0775006,1.594378826,0,33.9
118.8548548,348.1774728,1.594378826,0,34
118.8524967,348.277445,1.594378826,0,34.1
118.8501387,348.3774172,1.594378826,0,34.2
118.8477807,348.4773894,1.594378826,0,34.3
118.8454227,348.5773616,1.594378826,0,34.4
118.8430646,348.6773338,1.594378826,0,34.5
118.8407066,348.777306,1.594378826,0,34.6
118.8383486,348.8772782,1.594378826,0,34.7
118.8359905,348.9772504,1.594378826,0,34.8
118.8336325,349.0772226,1.594378826,0,34.9
118.8312745,349.1771948,1.594378826,0,35
118.8289164,349.277167,1.594378826,0,35.1
118.8265584,349.3771392,1.594378826,0,35.2
118.8242004,349.4771114,1.594378826,0,35.3
118.8218423,349.5770836,1.594378826,0,35.4
118.8194843,349.6770558,1.594378826,0,35.5
118.8171263,349.7770279,1.594378826,0,35.6
118.8147682,349.8770001,1.594378826,0,35.7
118.8124102,349.9769723,1.594378826,0,35.8
118.8100522,350.0769445,1.594378826,0,35.9
118.8076941,350.1769167,1.594378826,0,36
118.8053361,350.2768889,1.594378826,0,36.1
118.8029781,350.3768611,1.594378826,0,36.2
118.8006201,350.4768333,1.594378826,0,36.3
118.798262,350.5768055,1.594378826,0,36.4
118.795904,350.6767777,1.594378826,0,36.5
118.793546,350.7767499,1.594378826,0,36.6
118.7911879,350.8767221,1.594378826,0,36.7
118.7888299,350.9766943,1.594378826,0,36.8
118.7864719,351.0766665,1.594378826,0,36.9
118.7841138,351.1766387,1.594378826,0,37
118.7817558,351.2766109,1.594378826,0,37.1
118.7793978,351.3765831,1.594378826,0,37.2
118.7770397,351.4765553,1.594378826,0,37.3
118.7746817,351.5765274,1.594378826,0,37.4
118.7723237,351.6764996,1.594378826,0,37.5
118.7699656,351.7764718,1.594378826,0,37.6
118.7676076,351.876444,1.594378826,0,37.7
118.7652496,351.9764162,1.594378826,0,37.8
118.7628916,352.0763884,1.594378826,0,37.9
118.7605335,352.1763606,1.594378826,0,38
118.7581755,352.2763328,1.594378826,0,38.1
118.7558175,352.376305,1.594378826,0,38.2
118.7534594,352.4762772,1.594378826,0,38.3
118.7511014,352.5762494,1.594378826,0,38.4
118.7487434,352.6762216,1.594378826,0,38.5
118.7463853,352.7761938,1.594378826,0,38.6
118.7440273,352.876166,1.594378826,0,38.7
118.7416693,352.9761382,1.594378826,0,38.8
118.7393112,353.0761104,1.594378826,0,38.9
118.7369532,353.1760826,1.594378826,0,39
118.7345952,353.2760548,1.594378826,0,39.1
118.7322371,353.376027,1.594378826,0,39.2
118.7298791,353.4759991,1.594378826,0,39.3
118.7275211,353.5759713,1.594378826,0,39.4
118.7251631,353.6759435,1.594378826,0,39.5
118.722805,353.7759157,1.594378826,0,39.6
118.720447,353.8758879,1.594378826,0,39.7
118.718089,353.9758601,1.594378826,0,39.8
118.7157309,354.0758323,1.594378826,0,39.9
118.7133729,354.1758045,1.594378826,0,40
118.7110149,354.2757767,1.594378826,0,40.1
118.7086568,354.3757489,1.594378826,0,40.2
118.7062988,354.4757211,1.594378826,0,40.3
118.7039408,354.5756933,1.594378826,0,40.4
118.7015827,354.6756655,1.594378826,0,40.5
118.6992247,354.7756377,1.594378826,0,40.6
118.6968667,354.8756099,1.594378826,0,40.7
118.6945086,354.9755821,1.594378826,0,40.8
118.6921506,355.0755543,1.594378826,0,40.9
118.6897926,355.1755265,1.594378826,0,41
118.6874346,355.2754986,1.594378826,0,41.1
118.6850765,355.3754708,1.594378826,0,41.2
118.6827185,355.475443,1.594378826,0,41.3
118.6803605,355.5754152,1.594378826,0,41.4
118.6780024,355.6753874,1.594378826,0,41.5
118.6756444,355.7753596,1.594378826,0,41.6
118.6732864,355.8753318,1.594378826,0,41.7
118.6709283,355.975304,1.594378826,0,41.8
118.6685703,356.0752762,1.594378826,0,41.9
118.6662123,356.1752484,1.594378826,0,42
118.6638542,356.2752206,1.594378826,0,42.1
118.6614962,356.3751928,1.594378826,0,42.2
118.6591382,356.475165,1.594378826,0,42.3
118.6567801,356.5751372,1.594378826,0,42.4
118.6544221,356.6751094,1.594378826,0,42.5
118.6520641,356.7750816,1.594378826,0,42.6
118.6497061,356.8750538,1.594378826,0,42.7
118.647348,356.975026,1.594378826,0,42.8
118.64499,357.0749981,1.594378826,0,42.9
118.642632,357.1749703,1.594378826,0,43
118.6402739,357.2749425,1.594378826,0,43.1
118.6379159,357.3749147,1.594378826,0,43.2
118.6355579,357.4748869,1.594378826,0,43.3
118.6331998,357.5748591,1.594378826,0,43.4
118.6308418,357.6748313,1.594378826,0,43.5
118.6284838,357.7748035,1.594378826,0,43.6
118.6261257,357.8747757,1.594378826,0,43.7
118.6237677,357.9747479,1.594378826,0,43.8
118.6214097,358.0747201,1.594378826,0,43.9
118.6190516,358.1746923,1.594378826,0,44
118.6166936,358.2746645,1.594378826,0,44.1
118.6143356,358.3746367,1.594378826,0,44.2
118.6119776,358.4746089,1.594378826,0,44.3
118.6096195,358.5745811,1.594378826,0,44.4
118.6072615,358.6745533,1.594378826,0,44.5
118.6049035,358.7745255,1.594378826,0,44.6
118.6025454,358.8744977,1.594378826,0,44.7
118.6001874,358.9744698,1.594378826,0,44.8
118.5978294,359.074442,1.594378826,0,44.9
118.5954713,359.1744142,1.594378826,0,45
118.5931133,359.2743864,1.594378826,0,45.1
118.5907553,359.3743586,1.594378826,0,45.2
118.5883972,359.4743308,1.594378826,0,45.3
118.5860392,359.574303,1.594378826,0,45.4
118.5836812,359.6742752,1.594378826,0,45.5
118.5813231,359.7742474,1.594378826,0,45.6
118.5789651,359.8742196,1.594378826,0,45.7
118.5766071,359.9741918,1.594378826,0,45.8
118.574249,360.074164,1.594378826,0,45.9
118.571891,360.1741362,1.594378826,0,46
118.569533,360.2741084,1.594378826,0,46.1
118.567175,360.3740806,1.594378826,0,46.2
118.5648169,360.4740528,1.594378826,0,46.3
118.5624589,360.574025,1.594378826,0,46.4
118.5601009,360.6739972,1.594378826,0,46.5
118.5577428,360.7739693,1.594378826,0,46.6
118.5553848,360.8739415,1.594378826,0,46.7
118.5530268,360.9739137,1.594378826,0,46.8
118.5506687,361.0738859,1.594378826,0,46.9
118.5483107,361.1738581,1.594378826,0,47
118.5459527,361.2738303,1.594378826,0,47.1
118.5435946,361.3738025,1.594378826,0,47.2
118.5412366,361.4737747,1.594378826,0,47.3
118.5388786,361.5737469,1.594378826,0,47.4
118.5365205,361.6737191,1.594378826,0,47.5
118.5341625,361.7736913,1.594378826,0,47.6
118.5318045,361.8736635,1.594378826,0,47.7
118.5294465,361.9736357,1.594378826,0,47.8
118.5270884,362.0736079,1.594378826,0,47.9
118.5247304,362.1735801,1.594378826,0,48
118.5223724,362.2735523,1.594378826,0,48.1
118.5200143,362.3735245,1.594378826,0,48.2
118.5176563,362.4734967,1.594378826,0,48.3
118.5152983,362.5734689,1.594378826,0,48.4
118.5129402,362.673441,1.594378826,0,48.5
118.5105822,362.7734132,1.594378826,0,48.6
118.5082242,362.8733854,1.594378826,0,48.7
118.5058661,362.9733576,1.594378826,0,48.8
118.5035081,363.0733298,1.594378826,0,48.9
118.5011501,363.173302,1.594378826,0,49
118.498792,363.2732742,1.594378826,0,49.1
118.496434,363.3732464,1.594378826,0,49.2
118.494076,363.4732186,1.594378826,0,49.3
118.491718,363.5731908,1.594378826,0,49.4
118.4893599,363.673163,1.594378826,0,49.5
118.4870019,363.7731352,1.594378826,0,49.6
118.4846439,363.8731074,1.594378826,0,49.7
118.4822858,363.9730796,1.594378826,0,49.8
118.4799278,364.0730518,1.594378826,0,49.9
118.4775698,364.173024,1.594378826,0,50
118.4752117,364.2729962,1.594378826,0,50.1
118.4728537,364.3729684,1.594378826,0,50.2
118.4704957,364.4729405,1.594378826,0,50.3
118.4681376,364.5729127,1.594378826,0,50.4
118.4657796,364.6728849,1.594378826,0,50.5
118.4634216,364.7728571,1.594378826,0,50.6
118.4610635,364.8728293,1.594378826,0,50.7
118.4587055,364.9728015,1.594378826,0,50.8
118.4563475,365.0727737,1.594378826,0,50.9
118.4539895,365.1727459,1.594378826,0,51
118.4516314,365.2727181,1.594378826,0,51.1
118.4492734,365.3726903,1.594378826,0,51.2
118.4469154,365.4726625,1.594378826,0,51.3
118.4445573,365.5726347,1.594378826,0,51.4
118.4421993,365.6726069,1.594378826,0,51.5
118.4398413,365.7725791,1.594378826,0,51.6
118.4374832,365.8725513,1.594378826,0,51.7
118.4351252,365.9725235,1.594378826,0,51.8
118.4327672,366.0724957,1.594378826,0,51.9
118.4304091,366.1724679,1.594378826,0,52
118.4280511,366.2724401,1.594378826,0,52.1
118.4256931,366.3724122,1.594378826,0,52.2
118.423335,366.4723844,1.594378826,0,52.3
118.420977,366.5723566,1.594378826,0,52.4
118.418619,366.6723288,1.594378826,0,52.5
118.416261,366.772301,1.594378826,0,52.6
118.4139029,366.8722732,1.594378826,0,52.7
118.4115449,366.9722454,1.594378826,0,52.8
118.4091869,367.0722176,1.594378826,0,52.9
118.4068288,367.1721898,1.594378826,0,53
118.4044708,367.272162,1.594378826,0,53.1
118.4021128,367.3721342,1.594378826,0,53.2
118.3997547,367.4721064,1.594378826,0,53.3
118.3973967,367.5720786,1.594378826,0,53.4
118.3950387,367.6720508,1.594378826,0,53.5
118.3926806,367.772023,1.594378826,0,53.6
118.3903226,367.8719952,1.594378826,0,53.7
118.3879646,367.9719674,1.594378826,0,53.8
118.3856065,368.0719396,1.594378826,0,53.9
118.3832485,368.1719117,1.594378826,0,54
118.3808905,368.2718839,1.594378826,0,54.1
118.3785324,368.3718561,1.594378826,0,54.2
118.3761744,368.4718283,1.594378826,0,54.3
118.3738164,368.5718005,1.594378826,0,54.4
118.3714584,368.6717727,1.594378826,0,54.5
118.3691003,368.7717449,1.594378826,0,54.6
118.3667423,368.8717171,1.594378826,0,54.7
118.3643843,368.9716893,1.594378826,0,54.8
118.3620262,369.0716615,1.594378826,0,54.9
118.3596682,369.1716337,1.594378826,0,55
118.3573102,369.2716059,1.594378826,0,55.1
118.3549521,369.3715781,1.594378826,0,55.2
118.3525941,369.4715503,1.594378826,0,55.3
118.3502361,369.5715225,1.594378826,0,55.4
118.347878,369.6714947,1.594378826,0,55.5
118.34552,369.7714669,1.594378826,0,55.6
118.343162,369.8714391,1.594378826,0,55.7
118.3408039,369.9714112,1.594378826,0,55.8
118.3384459,370.0713834,1.594378826,0,55.9
118.3360879,370.1713556,1.594378826,0,56
118.3337299,370.2713278,1.594378826,0,56.1
118.3313718,370.3713,1.594378826,0,56.2
118.3290138,370.4712722,1.594378826,0,56.3
118.3266558,370.5712444,1.594378826,0,56.4
118.3242977,370.6712166,1.594378826,0,56.5
118.3219397,370.7711888,1.594378826,0,56.6
118.3195817,370.871161,1.594378826,0,56.7
118.3172236,370.9711332,1.594378826,0,56.8
118.3148656,371.0711054,1.594378826,0,56.9
118.3125076,371.1710776,1.594378826,0,57
118.3101495,371.2710498,1.594378826,0,57.1
118.3077915,371.371022,1.594378826,0,57.2
118.3054335,371.4709942,1.594378826,0,57.3
118.3030754,371.5709664,1.594378826,0,57.4
118.3007174,371.6709386,1.594378826,0,57.5
118.2983594,371.7709108,1.594378826,0,57.6
118.2960014,371.8708829,1.594378826,0,57.7
118.2936433,371.9708551,1.594378826,0,57.8
118.2912853,372.0708273,1.594378826,0,57.9
118.2889273,372.1707995,1.594378826,0,58
118.2865692,372.2707717,1.594378826,0,58.1
118.2842112,372.3707439,1.594378826,0,58.2
118.2818532,372.4707161,1.594378826,0,58.3
118.2794951,372.5706883,1.594378826,0,58.4
118.2771371,372.6706605,1.594378826,0,58.5
118.2747791,372.7706327,1.594378826,0,58.6
118.272421,372.8706049,1.594378826,0,58.7
118.270063,372.9705771,1.594378826,0,58.8
118.267705,373.0705493,1.594378826,0,58.9
118.2653469,373.1705215,1.594378826,0,59
118.2629889,373.2704937,1.594378826,0,59.1
118.2606309,373.3704659,1.594378826,0,59.2
118.2582729,373.4704381,1.594378826,0,59.3
118.2559148,373.5704103,1.594378826,0,59.4
118.2535568,373.6703824,1.594378826,0,59.5
118.2511988,373.7703546,1.594378826,0,59.6
118.2488407,373.8703268,1.594378826,0,59.7
118.2464827,373.970299,1.594378826,0,59.8
118.2441247,374.0702712,1.594378826,0,59.9
118.2417666,374.1702434,1.594378826,0,60
118.2394086,374.2702156,1.594378826,0,60.1
118.2370506,374.3701878,1.594378826,0,60.2
118.2346925,374.47016,1.594378826,0,60.3
118.2323345,374.5701322,1.594378826,0,60.4
118.2299765,374.6701044,1.594378826,0,60.5
118.2276184,374.7700766,1.594378826,0,60.6
118.2252604,374.8700488,1.594378826,0,60.7
118.2229024,374.970021,1.594378826,0,60.8
118.2205444,375.0699932,1.594378826,0,60.9
118.2181863,375.1699654,1.594378826,0,61
118.2158283,375.2699376,1.594378826,0,61.1
118.2134703,375.3699098,1.594378826,0,61.2
118.2111122,375.469882,1.594378826,0,61.3
118.2087542,375.5698541,1.594378826,0,61.4
118.2063962,375.6698263,1.594378826,0,61.5
118.2040381,375.7697985,1.594378826,0,61.6
118.2016801,375.8697707,1.594378826,0,61.7
118.1993221,375.9697429,1.594378826,0,61.8
118.196964,376.0697151,1.594378826,0,61.9
118.194606,376.1696873,1.594378826,0,62
118.192248,376.2696595,1.594378826,0,62.1
118.1898899,376.3696317,1.594378826,0,62.2
118.1875319,376.4696039,1.594378826,0,62.3
118.1851739,376.5695761,1.594378826,0,62.4
118.1828159,376.6695483,1.594378826,0,62.5
118.1804578,376.7695205,1.594378826,0,62.6
118.1780998,376.8694927,1.594378826,0,62.7
118.1757418,376.9694649,1.594378826,0,62.8
118.1733837,377.0694371,1.594378826,0,62.9
118.1710257,377.1694093,1.594378826,0,63
118.1686677,377.2693815,1.594378826,0,63.1
118.1663096,377.3693536,1.594378826,0,63.2
118.1639516,377.4693258,1.594378826,0,63.3
118.1615936,377.569298,1.594378826,0,63.4
118.1592355,377.6692702,1.594378826,0,63.5
118.1568775,377.7692424,1.594378826,0,63.6
118.1545195,377.8692146,1.594378826,0,63.7
118.1521614,377.9691868,1.594378826,0,63.8
118.1498034,378.069159,1.594378826,0,63.9
118.1474454,378.1691312,1.594378826,0,64
118.1450873,378.2691034,1.594378826,0,64.1
118.1427293,378.3690756,1.594378826,0,64.2
118.1403713,378.4690478,1.594378826,0,64.3
118.1380133,378.56902,1.594378826,0,64.4
118.1356552,378.6689922,1.594378826,0,64.5
118.1332972,378.7689644,1.594378826,0,64.6
118.1309392,378.8689366,1.594378826,0,64.7
118.1285811,378.9689088,1.594378826,0,64.8
118.1262231,379.068881,1.594378826,0,64.9
118.1238651,379.1688532,1.594378826,0,65
118.121507,379.2688253,1.594378826,0,65.1
118.119149,379.3687975,1.594378826,0,65.2
118.116791,379.4687697,1.594378826,0,65.3
118.1144329,379.5687419,1.594378826,0,65.4
118.1120749,379.6687141,1.594378826,0,65.5
118.1097169,379.7686863,1.594378826,0,65.6
118.1073588,379.8686585,1.594378826,0,65.7
118.1050008,379.9686307,1.594378826,0,65.8
118.1026428,380.0686029,1.594378826,0,65.9
118.1002848,380.1685751,1.594378826,0,66
118.0979267,380.2685473,1.594378826,0,66.1
118.0955687,380.3685195,1.594378826,0,66.2
118.0932107,380.4684917,1.594378826,0,66.3
118.0908526,380.5684639,1.594378826,0,66.4
118.0884946,380.6684361,1.594378826,0,66.5
118.0861366,380.7684083,1.594378826,0,66.6
118.0837785,380.8683805,1.594378826,0,66.7
118.0814205,380.9683527,1.594378826,0,66.8
118.0790625,381.0683248,1.594378826,0,66.9
118.0767044,381.168297,1.594378826,0,67
118.0743464,381.2682692,1.594378826,0,67.1
118.0719884,381.3682414,1.594378826,0,67.2
118.0696303,381.4682136,1.594378826,0,67.3
118.0672723,381.5681858,1.594378826,0,67.4
118.0649143,381.668158,1.594378826,0,67.5
118.0625563,381.7681302,1.594378826,0,67.6
118.0601982,381.8681024,1.594378826,0,67.7
118.0578402,381.9680746,1.594378826,0,67.8
118.0554822,382.0680468,1.594378826,0,67.9
118.0531241,382.168019,1.594378826,0,68
118.0507661,382.2679912,1.594378826,0,68.1
118.0484081,382.3679634,1.594378826,0,68.2
118.04605,382.4679356,1.594378826,0,68.3
118.043692,382.5679078,1.594378826,0,68.4
118.041334,382.66788,1.594378826,0,68.5
118.0389759,382.7678522,1.594378826,0,68.6
118.0366179,382.8678244,1.594378826,0,68.7
118.0342599,382.9677965,1.594378826,0,68.8
118.0319018,383.0677687,1.594378826,0,68.9
118.0295438,383.1677409,1.594378826,0,69
118.0271858,383.2677131,1.594378826,0,69.1
118.0248278,383.3676853,1.594378826,0,69.2
118.0224697,383.4676575,1.594378826,0,69.3
118.0201117,383.5676297,1.594378826,0,69.4
118.0177537,383.6676019,1.594378826,0,69.5
118.0153956,383.7675741,1.594378826,0,69.6
118.0130376,383.8675463,1.594378826,0,69.7
118.0106796,383.9675185,1.594378826,0,69.8
118.0083215,384.0674907,1.594378826,0,69.9
118.0052479,384.197804,1.653006087,0,0
117.9969907,384.2979632,1.653140074,0.002666526,0.1
117.988707,384.3981167,1.653542066,0.005333913,0.2
117.9803702,384.4982586,1.654212149,0.008003014,0.3
117.9719537,384.598383,1.655150465,0.010674665,0.4
117.9634311,384.6984841,1.656357212,0.01334968,0.5
117.9547758,384.7985562,1.657832643,0.016028838,0.6
117.9459612,384.8985934,1.65957706,0.018712879,0.7
117.9369608,384.99859,1.661590812,0.021402495,0.8
117.9277481,385.09854,1.663874294,0.024098317,0.9
117.9182965,385.1984377,1.666427941,0.026800913,1
117.9085794,385.2982772,1.669252221,0.029510772,1.1
117.8985704,385.3980529,1.672347634,0.0322283,1.2
117.8882428,385.4977587,1.675714704,0.03495381,1.3
117.8775702,385.597389,1.679353969,0.037687507,1.4
117.866526,385.696938,1.683265979,0.040429485,1.5
117.8550836,385.7963997,1.687451287,0.043179714,1.6
117.8432166,385.8957684,1.691910435,0.045938027,1.7
117.8308983,385.9950383,1.696643952,0.048704113,1.8
117.8181022,386.0942036,1.701652341,0.051477505,1.9
117.8048018,386.1932584,1.706936065,0.05425757,2
117.7909706,386.2921969,1.712495542,0.057043496,2.1
117.7765819,386.3910134,1.718331128,0.059834284,2.2
117.7616093,386.489702,1.724443106,0.062628736,2.3
117.7460262,386.5882569,1.730831672,0.065425444,2.4
117.729806,386.6866723,1.737496921,0.068222782,2.5
117.7129223,386.7849424,1.744438833,0.071018893,2.6
117.6953484,386.8830613,1.751657257,0.073811686,2.7
117.6770579,386.9810233,1.759151896,0.076598822,2.8
117.6580242,387.0788225,1.766922287,0.079377709,2.9
117.6382207,387.1764531,1.77496779,0.082145498,3
117.6176209,387.2739093,1.783287564,0.084899077,3.1
117.596199,387.3711855,1.791829368,0.08534789,3.2
117.5739513,387.4682807,1.800213057,0.082976947,3.3
117.5508993,387.5651994,1.808360759,0.080592233,3.4
117.5270658,387.6619463,1.816271655,0.078196441,3.5
117.5024736,387.7585261,1.823945101,0.07579207,3.6
117.4771457,387.8549436,1.831380611,0.073381422,3.7
117.4511047,387.9512035,1.838577846,0.07096661,3.8
117.4243738,388.0473105,1.845536599,0.068549557,3.9
117.3969755,388.1432695,1.852256785,0.066132004,4
117.3689329,388.239085,1.858738431,0.063715512,4.1
117.3402687,388.3347619,1.864981659,0.061301471,4.2
117.3110058,388.430305,1.870986678,0.058891102,4.3
117.2811671,388.5257188,1.876753774,0.056485468,4.4
117.2507754,388.6210082,1.882283299,0.054085478,4.5
117.2198535,388.7161779,1.887575661,0.051691896,4.6
117.1884243,388.8112327,1.892631313,0.049305344,4.7
117.1565107,388.9061773,1.897450747,0.046926316,4.8
117.1241355,389.0010164,1.902034483,0.04455518,4.9
117.0913215,389.0957547,1.906383063,0.042192184,5
117.0580916,389.190397,1.910497041,0.039837471,5.1
117.0244687,389.2849481,1.91437698,0.037491076,5.2
116.9904756,389.3794126,1.91802344,0.035152939,5.3
116.9561351,389.4737954,1.921436975,0.032822914,5.4
116.9214701,389.5681011,1.924618128,0.030500766,5.5
116.8865034,389.6623344,1.927567422,0.028186188,5.6
116.851258,389.7565002,1.930285359,0.025878801,5.7
116.8157566,389.8506032,1.932772414,0.023578162,5.8
116.780022,389.944648,1.935029029,0.021283769,5.9
116.7440773,390.0386395,1.937055612,0.018995067,6
116.7079412,390.1325804,1.939016203,0.020849582,6.1
116.6716027,390.2264588,1.94126533,0.023836251,6.2
116.6350367,390.3202558,1.943815595,0.026829604,6.3
116.5982179,390.4139524,1.946667587,0.029831558,6.4
116.5611212,390.5075298,1.949822018,0.032843928,6.5
116.5237214,390.600969,1.953279719,0.035868418,6.6
116.4859933,390.694251,1.957041631,0.038906609,6.7
116.4479116,390.787357,1.961108795,0.041959946,6.8
116.4094511,390.880268,1.965482346,0.045029727,6.9
116.3705867,390.9729652,1.970163498,0.04811709,7
116.3312931,391.0654295,1.975153535,0.051222994,7.1
116.2915452,391.157642,1.980453796,0.054348211,7.2
116.2513177,391.2495839,1.986065668,0.057493302,7.3
116.2105855,391.3412361,1.991990561,0.060658606,7.4
116.1693233,391.4325798,1.998229903,0.063844217,7.5
116.1275059,391.5235961,2.004785116,0.06704997,7.6
116.0851081,391.614266,2.011657601,0.070275419,7.7
116.0421048,391.7045705,2.018848715,0.073519816,7.8
115.9984706,391.7944909,2.026359757,0.076782091,7.9
115.9541805,391.884008,2.034191939,0.080060835,8
115.9092092,391.9731031,2.042346369,0.083354273,8.1
115.8635315,392.0617572,2.050824022,0.086660247,8.2
115.8171222,392.1499513,2.059625714,0.089976195,8.3
115.7699561,392.2376666,2.068752079,0.093299132,8.4
115.722008,392.324884,2.078203538,0.096625632,8.5
115.6732527,392.4115848,2.08798027,0.099951807,8.6
115.623665,392.4977498,2.09808218,0.103273302,8.7
115.5732197,392.5833604,2.108508872,0.106585272,8.8
115.5218916,392.6683974,2.119252767,0.108960121,8.9
115.4696678,392.7528512,2.129928079,0.106049364,9
115.4165671,392.8367357,2.140310095,0.103090823,9.1
115.3626132,392.9200684,2.150395799,0.100090821,9.2
115.3078299,393.0028669,2.160182584,0.097055354,9.3
115.2522411,393.085149,2.169668226,0.093990078,9.4
115.1958704,393.1669321,2.178850864,0.090900295,9.5
115.1387416,393.2482338,2.187728973,0.087790947,9.6
115.0808786,393.3290719,2.196301345,0.084666619,9.7
115.022305,393.4094638,2.20456706,0.081531532,9.8
114.9630447,393.4894273,2.212525465,0.078389551,9.9
114.9031214,393.5689798,2.22017615,0.075244194,10
114.8425589,393.6481391,2.227518926,0.072098633,10.1
114.781381,393.7269226,2.234553804,0.068955712,10.2
114.7196114,393.8053481,2.241280972,0.065817954,10.3
114.6572739,393.8834331,2.247700777,0.062687577,10.4
114.5943924,393.9611953,2.253813701,0.059566507,10.5
114.5309905,394.0386522,2.259620349,0.056456392,10.6
114.467092,394.1158214,2.265121425,0.053358621,10.7
114.4027207,394.1927206,2.270317722,0.050274334,10.8
114.3379005,394.2693674,2.275210099,0.047204444,10.9
114.2726549,394.3457793,2.279799473,0.04414965,11
114.2070079,394.421974,2.284086801,0.04111045,11.1
114.1409832,394.4979691,2.28807307,0.038087164,11.2
114.0746046,394.5737822,2.291759284,0.035079941,11.3
114.0078958,394.6494308,2.295146454,0.03208878,11.4
113.9408806,394.7249327,2.298235587,0.029113542,11.5
113.8735828,394.8003054,2.30102768,0.026153964,11.6
113.8060262,394.8755665,2.303523708,0.023209675,11.7
113.7382345,394.9507336,2.305724622,0.020280205,11.8
113.6702315,395.0258244,2.307631338,0.017365003,11.9
113.602041,395.1008564,2.309244735,0.014463446,12
113.5336868,395.1758472,2.310565648,0.011574853,12.1
113.4651863,395.2508056,2.311957594,0.016970198,12.2
113.3965195,395.3256863,2.314022287,0.023674425,12.3
113.3276521,395.4004241,2.316769458,0.030391392,12.4
113.2585498,395.4749534,2.320200707,0.037134949,12.5
113.1891783,395.549209,2.324318555,0.04391838,12.6
113.1195034,395.6231254,2.329126399,0.050754316,12.7
113.0494907,395.6966372,2.334628464,0.057654627,12.8
112.979106,395.7696791,2.340829743,0.064630307,12.9
112.9083151,395.8421856,2.347735933,0.071691332,13
112.8370835,395.9140914,2.355353353,0.078846502,13.1
112.7653771,395.985331,2.363688858,0.086103259,13.2
112.6931615,396.0558391,2.372749735,0.093467484,13.3
112.6204025,396.1255503,2.382543587,0.100943263,13.4
112.5470658,396.1943991,2.393078204,0.108532632,13.5
112.4731171,396.2623203,2.40436141,0.116235298,13.6
112.3985222,396.3292483,2.416400902,0.124048329,13.7
112.3232467,396.3951179,2.429204059,0.131965836,13.8
112.2472563,396.4598635,2.44277774,0.13997863,13.9
112.1705169,396.5234199,2.457128054,0.14807388,14
112.092994,396.5857216,2.472260117,0.156234763,14.1
112.0146535,396.6467032,2.48817778,0.164440141,14.2
111.935461,396.7062994,2.504883347,0.17266426,14.3
111.8553823,396.7644447,2.522377264,0.180876502,14.4
111.774383,396.8210738,2.540657812,0.189041209,14.5
111.692429,396.8761212,2.559720771,0.197117597,14.6
111.6094858,396.9295216,2.579559092,0.205059798,14.7
111.5255193,396.9812096,2.600162573,0.212817042,14.8
111.4405056,397.0311384,2.620814732,0.204899142,14.9
111.3544733,397.0793549,2.640559713,0.195478457,15
111.2674676,397.1259354,2.659379908,0.185894795,15.1
111.1795335,397.1709563,2.677266462,0.176205139,15.2
111.0907164,397.2144939,2.694214017,0.166459403,15.3
111.0010612,397.2566246,2.710220248,0.156700451,15.4
110.9106132,397.2974248,2.725285413,0.146964277,15.5
110.8194175,397.3369706,2.739411926,0.137280332,15.6
110.7275193,397.3753386,2.752603944,0.127671935,15.7
110.6349636,397.412605,2.76486699,0.118156756,15.8
110.5417956,397.4488461,2.776207604,0.108747323,15.9
110.4480606,397.4841384,2.786633023,0.09945155,16
110.3538035,397.5185582,2.796150896,0.090273251,16.1
110.2590696,397.5521818,2.804769029,0.081212641,16.2
110.163904,397.5850855,2.81249516,0.072266805,16.3
110.0683518,397.6173457,2.819336765,0.063430138,16.4
109.9724583,397.6490387,2.825300881,0.054694748,16.5
109.8762684,397.6802409,2.830393971,0.046050826,16.6
109.7798275,397.7110286,2.834621796,0.037486977,16.7
109.6831806,397.7414782,2.837989313,0.028990527,16.8
109.5863728,397.7716659,2.840500599,0.020547796,16.9
109.4894494,397.8016682,2.842158783,0.012144353,17
109.3924554,397.8315614,2.842966004,0.003765249,17.1
109.2954361,397.8614219,2.842923379,-0.004604761,17.2
109.1984365,397.8913259,2.84203099,-0.012981007,17.3
109.1015017,397.9213497,2.840298932,-0.019758586,17.4
109.0046641,397.9515423,2.838479494,-0.016113985,17.5
108.9079213,397.9818789,2.83703075,-0.012462815,17.6
108.8112652,398.0123225,2.835953102,-0.008804105,17.7
108.7146877,398.042836,2.835247018,-0.005136804,17.8
108.6181808,398.0733824,2.83491304,-0.001459795,17.9
108.5217363,398.1039248,2.834951786,0.002228077,18
108.4253463,398.134426,2.835363951,0.005927987,18.1
108.3290025,398.1648491,2.83615031,0.009641106,18.2
108.232697,398.1951569,2.837311714,0.013368579,18.3
108.1364216,398.2253126,2.838849088,0.0171115,18.4
108.0401683,398.2552791,2.840763427,0.020870893,18.5
107.9439289,398.2850194,2.843055791,0.024647679,18.6
107.8476954,398.3144964,2.845727296,0.028442661,18.7
107.7514598,398.3436731,2.848779103,0.03225649,18.8
107.6552138,398.3725125,2.852212412,0.036089642,18.9
107.5589495,398.4009775,2.856028445,0.03994239,19
107.4626588,398.4290312,2.860228431,0.043814772,19.1
107.3663336,398.4566366,2.864813594,0.047706568,19.2
107.2699657,398.4837565,2.869785128,0.051617262,19.3
107.1735472,398.510354,2.875144184,0.05554602,19.4
107.0770699,398.5363921,2.880891841,0.059491649,19.5
106.9805257,398.5618337,2.887029084,0.063452573,19.6
106.8839067,398.5866418,2.893556781,0.067426798,19.7
106.7872046,398.6107794,2.900475648,0.071411879,19.8
106.6904114,398.6342095,2.907786225,0.075404894,19.9
106.593519,398.656895,2.915488839,0.079402408,20
106.4965193,398.6787989,2.923583574,0.08340045,20.1
106.3994044,398.6998842,2.932070229,0.087394484,20.2
106.3021659,398.7201139,2.940948289,0.091379389,20.3
106.204796,398.739451,2.950216877,0.095349435,20.4
106.1072865,398.7578584,2.959874721,0.099298273,20.5
106.0096293,398.775299,2.969920108,0.103218922,20.6
105.9118164,398.791736,2.980350846,0.107103768,20.7
105.8138396,398.8071322,2.991164218,0.110944566,20.8
105.7156909,398.8214507,3.002356942,0.114732453,20.9
105.6173622,398.8346543,3.013925129,0.11845797,21
105.5188454,398.8467062,3.025864244,0.12211109,21.1
105.4201337,398.8575762,3.037883351,0.118043688,21.2
105.3212316,398.8672951,3.049286539,0.111445856,21.3
105.2221493,398.8759244,3.060042714,0.104852948,21.4
105.122897,398.8835261,3.07015255,0.098275533,21.5
105.0234849,398.8901621,3.079617353,0.091722158,21.6
104.9239234,398.8958942,3.088438935,0.085199484,21.7
104.8242225,398.9007844,3.096619495,0.078712427,21.8
104.7243927,398.9048946,3.104161507,0.07226431,21.9
104.624444,398.9082866,3.111067622,0.065857005,22
104.5243868,398.9110224,3.117340577,0.059491082,22.1
104.4242313,398.9131639,3.122983108,0.053165946,22.2
104.3239877,398.9147729,3.127997884,0.046879974,22.3
104.2236662,398.9159114,3.132387437,0.040630645,22.4
104.1232772,398.9166412,3.136154107,0.034414661,22.5
104.0228308,398.9170243,3.139299995,0.028228067,22.6
103.9223373,398.9171225,-3.141358388,0.022066359,22.7
103.8218069,398.9169978,-3.139448925,0.015924593,22.8
103.7212498,398.9167121,-3.138155763,0.009797482,22.9
103.5601522,398.9160737,-3.129357399,0,0
103.4601597,398.9148502,-3.129357399,0,0.1
103.3601672,398.9136267,-3.129357399,0,0.2
103.2601747,398.9124032,-3.129357399,0,0.3
103.1601822,398.9111797,-3.129357399,0,0.4
103.0601897,398.9099562,-3.129357399,0,0.5
102.9601971,398.9087327,-3.129357399,0,0.6
102.8602046,398.9075092,-3.129357399,0,0.7
102.7602121,398.9062857,-3.129357399,0,0.8
102.6602196,398.9050622,-3.129357399,0,0.9
102.5602271,398.9038387,-3.129357399,0,1
102.4602346,398.9026152,-3.129357399,0,1.1
102.360242,398.9013917,-3.129357399,0,1.2
102.2602495,398.9001682,-3.129357399,0,1.3
102.160257,398.8989447,-3.129357399,0,1.4
102.0602645,398.8977212,-3.129357399,0,1.5
101.960272,398.8964977,-3.129357399,0,1.6
101.8602795,398.8952742,-3.129357399,0,1.7
101.760287,398.8940507,-3.129357399,0,1.8
101.6602944,398.8928273,-3.129357399,0,1.9
101.5603019,398.8916038,-3.129357399,0,2
101.4603094,398.8903803,-3.129357399,0,2.1
101.3603169,398.8891568,-3.129357399,0,2.2
101.2603244,398.8879333,-3.129357399,0,2.3
101.1603319,398.8867098,-3.129357399,0,2.4
101.0603394,398.8854863,-3.129357399,0,2.5
100.9603468,398.8842628,-3.129357399,0,2.6
100.8603543,398.8830393,-3.129357399,0,2.7
100.7603618,398.8818158,-3.129357399,0,2.8
100.6603693,398.8805923,-3.129357399,0,2.9
100.5603768,398.8793688,-3.129357399,0,3
100.4603843,398.8781453,-3.129357399,0,3.1
100.3603917,398.8769218,-3.129357399,0,3.2
100.2603992,398.8756983,-3.129357399,0,3.3
100.1604067,398.8744748,-3.129357399,0,3.4
100.0604142,398.8732513,-3.129357399,0,3.5
99.96042169,398.8720278,-3.129357399,0,3.6
99.86042917,398.8708043,-3.129357399,0,3.7
99.76043666,398.8695808,-3.129357399,0,3.8
99.66044414,398.8683574,-3.129357399,0,3.9
99.56045163,398.8671339,-3.129357399,0,4
99.46045911,398.8659104,-3.129357399,0,4.1
99.3604666,398.8646869,-3.129357399,0,4.2
99.26047408,398.8634634,-3.129357399,0,4.3
99.16048157,398.8622399,-3.129357399,0,4.4
99.06048905,398.8610164,-3.129357399,0,4.5
98.96049654,398.8597929,-3.129357399,0,4.6
98.86050402,398.8585694,-3.129357399,0,4.7
98.76051151,398.8573459,-3.129357399,0,4.8
98.66051899,398.8561224,-3.129357399,0,4.9
98.56052648,398.8548989,-3.129357399,0,5
98.46053396,398.8536754,-3.129357399,0,5.1
98.36054145,398.8524519,-3.129357399,0,5.2
98.26054893,398.8512284,-3.129357399,0,5.3
98.16055642,398.8500049,-3.129357399,0,5.4
98.0605639,398.8487814,-3.129357399,0,5.5
97.96057139,398.8475579,-3.129357399,0,5.6
97.86057887,398.8463344,-3.129357399,0,5.7
97.76058636,398.8451109,-3.129357399,0,5.8
97.66059384,398.8438875,-3.129357399,0,5.9
97.56060133,398.842664,-3.129357399,0,6
97.46060881,398.8414405,-3.129357399,0,6.1
97.3606163,398.840217,-3.129357399,0,6.2
97.26062378,398.8389935,-3.129357399,0,6.3
97.16063127,398.83777,-3.129357399,0,6.4
97.06063875,398.8365465,-3.129357399,0,6.5
96.96064624,398.835323,-3.129357399,0,6.6
96.86065372,398.8340995,-3.129357399,0,6.7
96.76066121,398.832876,-3.129357399,0,6.8
96.66066869,398.8316525,-3.129357399,0,6.9
96.56067618,398.830429,-3.129357399,0,7
96.46068366,398.8292055,-3.129357399,0,7.1
96.36069115,398.827982,-3.129357399,0,7.2
96.26069863,398.8267585,-3.129357399,0,7.3
96.16070612,398.825535,-3.129357399,0,7.4
96.0607136,398.8243115,-3.129357399,0,7.5
95.96072109,398.823088,-3.129357399,0,7.6
95.86072857,398.8218645,-3.129357399,0,7.7
95.76073606,398.8206411,-3.129357399,0,7.8
95.66074354,398.8194176,-3.129357399,0,7.9
95.56075103,398.8181941,-3.129357399,0,8
95.46075851,398.8169706,-3.129357399,0,8.1
95.360766,398.8157471,-3.129357399,0,8.2
95.26077348,398.8145236,-3.129357399,0,8.3
95.16078097,398.8133001,-3.129357399,0,8.4
95.06078845,398.8120766,-3.129357399,0,8.5
94.96079594,398.8108531,-3.129357399,0,8.6
94.86080342,398.8096296,-3.129357399,0,8.7
94.76081091,398.8084061,-3.129357399,0,8.8
94.66081839,398.8071826,-3.129357399,0,8.9
94.56082588,398.8059591,-3.129357399,0,9
94.46083336,398.8047356,-3.129357399,0,9.1
94.36084085,398.8035121,-3.129357399,0,9.2
94.26084833,398.8022886,-3.129357399,0,9.3
94.16085582,398.8010651,-3.129357399,0,9.4
94.0608633,398.7998416,-3.129357399,0,9.5
93.96087079,398.7986181,-3.129357399,0,9.6
93.86087827,398.7973946,-3.129357399,0,9.7
93.76088576,398.7961712,-3.129357399,0,9.8
93.66089324,398.7949477,-3.129357399,0,9.9
93.56090073,398.7937242,-3.129357399,0,10
93.46090821,398.7925007,-3.129357399,0,10.1
93.3609157,398.7912772,-3.129357399,0,10.2
93.26092318,398.7900537,-3.129357399,0,10.3
93.16093067,398.7888302,-3.129357399,0,10.4
93.06093815,398.7876067,-3.129357399,0,10.5
92.96094564,398.7863832,-3.129357399,0,10.6
92.86095312,398.7851597,-3.129357399,0,10.7
92.76096061,398.7839362,-3.129357399,0,10.8
92.66096809,398.7827127,-3.129357399,0,10.9
92.56097558,398.7814892,-3.129357399,0,11
92.46098306,398.7802657,-3.129357399,0,11.1
92.36099055,398.7790422,-3.129357399,0,11.2
92.26099803,398.7778187,-3.129357399,0,11.3
92.16100552,398.7765952,-3.129357399,0,11.4
92.061013,398.7753717,-3.129357399,0,11.5
91.96102049,398.7741482,-3.129357399,0,11.6
91.86102797,398.7729247,-3.129357399,0,11.7
91.76103546,398.7717013,-3.129357399,0,11.8
91.66104294,398.7704778,-3.129357399,0,11.9
91.56105043,398.7692543,-3.129357399,0,12
91.46105791,398.7680308,-3.129357399,0,12.1
91.3610654,398.7668073,-3.129357399,0,12.2
91.26107288,398.7655838,-3.129357399,0,12.3
91.16108036,398.7643603,-3.129357399,0,12.4
91.06108785,398.7631368,-3.129357399,0,12.5
90.96109533,398.7619133,-3.129357399,0,12.6
90.86110282,398.7606898,-3.129357399,0,12.7
90.7611103,398.7594663,-3.129357399,0,12.8
90.66111779,398.7582428,-3.129357399,0,12.9
90.56112527,398.7570193,-3.129357399,0,13
90.46113276,398.7557958,-3.129357399,0,13.1
90.36114024,398.7545723,-3.129357399,0,13.2
90.26114773,398.7533488,-3.129357399,0,13.3
90.16115521,398.7521253,-3.129357399,0,13.4
90.0611627,398.7509018,-3.129357399,0,13.5
89.96117018,398.7496783,-3.129357399,0,13.6
89.86117767,398.7484549,-3.129357399,0,13.7
89.76118515,398.7472314,-3.129357399,0,13.8
89.66119264,398.7460079,-3.129357399,0,13.9
89.56120012,398.7447844,-3.129357399,0,14
89.46120761,398.7435609,-3.129357399,0,14.1
89.36121509,398.7423374,-3.129357399,0,14.2
89.26122258,398.7411139,-3.129357399,0,14.3
89.16123006,398.7398904,-3.129357399,0,14.4
89.06123755,398.7386669,-3.129357399,0,14.5
88.96124503,398.7374434,-3.129357399,0,14.6
88.86125252,398.7362199,-3.129357399,0,14.7
88.76126,398.7349964,-3.129357399,0,14.8
88.66126749,398.7337729,-3.129357399,0,14.9
88.56127497,398.7325494,-3.129357399,0,15
88.46128246,398.7313259,-3.129357399,0,15.1
88.36128994,398.7301024,-3.129357399,0,15.2
88.26129743,398.7288789,-3.129357399,0,15.3
88.16130491,398.7276554,-3.129357399,0,15.4
88.0613124,398.7264319,-3.129357399,0,15.5
87.96131988,398.7252084,-3.129357399,0,15.6
87.86132737,398.723985,-3.129357399,0,15.7
87.76133485,398.7227615,-3.129357399,0,15.8
87.66134234,398.721538,-3.129357399,0,15.9
87.56134982,398.7203145,-3.129357399,0,16
87.46135731,398.719091,-3.129357399,0,16.1
87.36136479,398.7178675,-3.129357399,0,16.2
87.26137228,398.716644,-3.129357399,0,16.3
87.16137976,398.7154205,-3.129357399,0,16.4
87.06138725,398.714197,-3.129357399,0,16.5
86.96139473,398.7129735,-3.129357399,0,16.6
86.86140222,398.71175,-3.129357399,0,16.7
86.7614097,398.7105265,-3.129357399,0,16.8
86.66141719,398.709303,-3.129357399,0,16.9
86.56142467,398.7080795,-3.129357399,0,17
86.46143216,398.706856,-3.129357399,0,17.1
86.36143964,398.7056325,-3.129357399,0,17.2
86.26144713,398.704409,-3.129357399,0,17.3
86.16145461,398.7031855,-3.129357399,0,17.4
86.0614621,398.701962,-3.129357399,0,17.5
85.96146958,398.7007385,-3.129357399,0,17.6
85.86147707,398.6995151,-3.129357399,0,17.7
85.76148455,398.6982916,-3.129357399,0,17.8
85.66149204,398.6970681,-3.129357399,0,17.9
85.56149952,398.6958446,-3.129357399,0,18
85.46150701,398.6946211,-3.129357399,0,18.1
85.36151449,398.6933976,-3.129357399,0,18.2
85.26152198,398.6921741,-3.129357399,0,18.3
85.16152946,398.6909506,-3.129357399,0,18.4
85.06153695,398.6897271,-3.129357399,0,18.5
84.96154443,398.6885036,-3.129357399,0,18.6
84.86155192,398.6872801,-3.129357399,0,18.7
84.7615594,398.6860566,-3.129357399,0,18.8
84.66156689,398.6848331,-3.129357399,0,18.9
84.56157437,398.6836096,-3.129357399,0,19
84.46158186,398.6823861,-3.129357399,0,19.1
84.36158934,398.6811626,-3.129357399,0,19.2
84.26159683,398.6799391,-3.129357399,0,19.3
84.16160431,398.6787156,-3.129357399,0,19.4
84.0616118,398.6774921,-3.129357399,0,19.5
83.96161928,398.6762687,-3.129357399,0,19.6
83.86162677,398.6750452,-3.129357399,0,19.7
83.76163425,398.6738217,-3.129357399,0,19.8
83.66164174,398.6725982,-3.129357399,0,19.9
83.56164922,398.6713747,-3.129357399,0,20
83.46165671,398.6701512,-3.129357399,0,20.1
83.36166419,398.6689277,-3.129357399,0,20.2
83.26167168,398.6677042,-3.129357399,0,20.3
83.16167916,398.6664807,-3.129357399,0,20.4
83.06168665,398.6652572,-3.129357399,0,20.5
82.96169413,398.6640337,-3.129357399,0,20.6
82.86170162,398.6628102,-3.129357399,0,20.7
82.7617091,398.6615867,-3.129357399,0,20.8
82.66171659,398.6603632,-3.129357399,0,20.9
82.56172407,398.6591397,-3.129357399,0,21
82.46173156,398.6579162,-3.129357399,0,21.1
82.36173904,398.6566927,-3.129357399,0,21.2
82.26174653,398.6554692,-3.129357399,0,21.3
82.16175401,398.6542457,-3.129357399,0,21.4
82.0617615,398.6530222,-3.129357399,0,21.5
81.96176898,398.6517988,-3.129357399,0,21.6
81.86177647,398.6505753,-3.129357399,0,21.7
81.76178395,398.6493518,-3.129357399,0,21.8
81.66179144,398.6481283,-3.129357399,0,21.9
81.56179892,398.6469048,-3.129357399,0,22
81.46180641,398.6456813,-3.129357399,0,22.1
81.36181389,398.6444578,-3.129357399,0,22.2
81.26182138,398.6432343,-3.129357399,0,22.3
81.16182886,398.6420108,-3.129357399,0,22.4
81.06183635,398.6407873,-3.129357399,0,22.5
80.96184383,398.6395638,-3.129357399,0,22.6
80.86185132,398.6383403,-3.129357399,0,22.7
80.7618588,398.6371168,-3.129357399,0,22.8
80.66186629,398.6358933,-3.129357399,0,22.9
80.56187377,398.6346698,-3.129357399,0,23
80.46188126,398.6334463,-3.129357399,0,23.1
80.36188874,398.6322228,-3.129357399,0,23.2
80.26189623,398.6309993,-3.129357399,0,23.3
80.16190371,398.6297758,-3.129357399,0,23.4
80.0619112,398.6285523,-3.129357399,0,23.5
79.96191868,398.6273289,-3.129357399,0,23.6
79.86192617,398.6261054,-3.129357399,0,23.7
79.76193365,398.6248819,-3.129357399,0,23.8
79.66194114,398.6236584,-3.129357399,0,23.9
79.56194862,398.6224349,-3.129357399,0,24
79.46195611,398.6212114,-3.129357399,0,24.1
79.36196359,398.6199879,-3.129357399,0,24.2
79.26197108,398.6187644,-3.129357399,0,24.3
79.16197856,398.6175409,-3.129357399,0,24.4
79.06198605,398.6163174,-3.129357399,0,24.5
78.96199353,398.6150939,-3.129357399,0,24.6
78.86200102,398.6138704,-3.129357399,0,24.7
78.7620085,398.6126469,-3.129357399,0,24.8
78.66201599,398.6114234,-3.129357399,0,24.9
78.56202347,398.6101999,-3.129357399,0,25
78.46203096,398.6089764,-3.129357399,0,25.1
78.36203844,398.6077529,-3.129357399,0,25.2
78.26204593,398.6065294,-3.129357399,0,25.3
78.16205341,398.6053059,-3.129357399,0,25.4
78.0620609,398.6040824,-3.129357399,0,25.5
77.96206838,398.602859,-3.129357399,0,25.6
77.86207587,398.6016355,-3.129357399,0,25.7
77.76208335,398.600412,-3.129357399,0,25.8
77.66209084,398.5991885,-3.129357399,0,25.9
77.56209832,398.597965,-3.129357399,0,26
77.46210581,398.5967415,-3.129357399,0,26.1
77.36211329,398.595518,-3.129357399,0,26.2
77.26212078,398.5942945,-3.129357399,0,26.3
77.16212826,398.593071,-3.129357399,0,26.4
77.06213575,398.5918475,-3.129357399,0,26.5
76.96214323,398.590624,-3.129357399,0,26.6
76.86215072,398.5894005,-3.129357399,0,26.7
76.7621582,398.588177,-3.129357399,0,26.8
76.66216569,398.5869535,-3.129357399,0,26.9
76.56217317,398.58573,-3.129357399,0,27
76.46218066,398.5845065,-3.129357399,0,27.1
76.36218814,398.583283,-3.129357399,0,27.2
76.26219563,398.5820595,-3.129357399,0,27.3
76.16220311,398.580836,-3.129357399,0,27.4
76.0622106,398.5796126,-3.129357399,0,27.5
75.96221808,398.5783891,-3.129357399,0,27.6
75.86222557,398.5771656,-3.129357399,0,27.7
75.76223305,398.5759421,-3.129357399,0,27.8
75.66224054,398.5747186,-3.129357399,0,27.9
75.56224802,398.5734951,-3.129357399,0,28
75.46225551,398.5722716,-3.129357399,0,28.1
75.36226299,398.5710481,-3.129357399,0,28.2
75.26227048,398.5698246,-3.129357399,0,28.3
75.16227796,398.5686011,-3.129357399,0,28.4
75.06228545,398.5673776,-3.129357399,0,28.5
74.96229293,398.5661541,-3.129357399,0,28.6
74.86230042,398.5649306,-3.129357399,0,28.7
74.7623079,398.5637071,-3.129357399,0,28.8
74.66231539,398.5624836,-3.129357399,0,28.9
74.56232287,398.5612601,-3.129357399,0,29
74.46233036,398.5600366,-3.129357399,0,29.1
74.36233784,398.5588131,-3.129357399,0,29.2
74.26234533,398.5575896,-3.129357399,0,29.3
74.16235281,398.5563661,-3.129357399,0,29.4
74.0623603,398.5551427,-3.129357399,0,29.5
73.96236778,398.5539192,-3.129357399,0,29.6
73.86237527,398.5526957,-3.129357399,0,29.7
73.76238275,398.5514722,-3.129357399,0,29.8
73.66239024,398.5502487,-3.129357399,0,29.9
73.56239772,398.5490252,-3.129357399,0,30
73.46240521,398.5478017,-3.129357399,0,30.1
73.36241269,398.5465782,-3.129357399,0,30.2
73.26242018,398.5453547,-3.129357399,0,30.3
73.16242766,398.5441312,-3.129357399,0,30.4
73.06243515,398.5429077,-3.129357399,0,30.5
72.96244263,398.5416842,-3.129357399,0,30.6
72.86245012,398.5404607,-3.129357399,0,30.7
72.7624576,398.5392372,-3.129357399,0,30.8
72.66246509,398.5380137,-3.129357399,0,30.9
72.56247257,398.5367902,-3.129357399,0,31
72.46248006,398.5355667,-3.129357399,0,31.1
72.36248754,398.5343432,-3.129357399,0,31.2
72.26249503,398.5331197,-3.129357399,0,31.3
72.16250251,398.5318962,-3.129357399,0,31.4
72.06251,398.5306728,-3.129357399,0,31.5
71.96251748,398.5294493,-3.129357399,0,31.6
71.86252497,398.5282258,-3.129357399,0,31.7
71.76253245,398.5270023,-3.129357399,0,31.8
71.66253994,398.5257788,-3.129357399,0,31.9
71.56254742,398.5245553,-3.129357399,0,32
71.46255491,398.5233318,-3.129357399,0,32.1
71.36256239,398.5221083,-3.129357399,0,32.2
71.26256988,398.5208848,-3.129357399,0,32.3
71.16257736,398.5196613,-3.129357399,0,32.4
71.06258485,398.5184378,-3.129357399,0,32.5
70.96259233,398.5172143,-3.129357399,0,32.6
70.86259982,398.5159908,-3.129357399,0,32.7
70.7626073,398.5147673,-3.129357399,0,32.8
70.66261479,398.5135438,-3.129357399,0,32.9
70.56262227,398.5123203,-3.129357399,0,33
70.46262976,398.5110968,-3.129357399,0,33.1
70.36263724,398.5098733,-3.129357399,0,33.2
70.26264473,398.5086498,-3.129357399,0,33.3
70.16265221,398.5074264,-3.129357399,0,33.4
70.0626597,398.5062029,-3.129357399,0,33.5
69.96266718,398.5049794,-3.129357399,0,33.6
69.86267467,398.5037559,-3.129357399,0,33.7
69.76268215,398.5025324,-3.129357399,0,33.8
69.66268964,398.5013089,-3.129357399,0,33.9
69.56269712,398.5000854,-3.129357399,0,34
69.46270461,398.4988619,-3.129357399,0,34.1
69.36271209,398.4976384,-3.129357399,0,34.2
69.26271958,398.4964149,-3.129357399,0,34.3
69.16272706,398.4951914,-3.129357399,0,34.4
69.06273455,398.4939679,-3.129357399,0,34.5
68.96274203,398.4927444,-3.129357399,0,34.6
68.86274952,398.4915209,-3.129357399,0,34.7
68.762757,398.4902974,-3.129357399,0,34.8
68.66276449,398.4890739,-3.129357399,0,34.9
68.56277197,398.4878504,-3.129357399,0,35
68.46277946,398.4866269,-3.129357399,0,35.1
68.36278694,398.4854034,-3.129357399,0,35.2
68.26279443,398.4841799,-3.129357399,0,35.3
68.16280191,398.4829565,-3.129357399,0,35.4
68.0628094,398.481733,-3.129357399,0,35.5
67.96281688,398.4805095,-3.129357399,0,35.6
67.86282437,398.479286,-3.129357399,0,35.7
67.76283185,398.4780625,-3.129357399,0,35.8
67.66283934,398.476839,-3.129357399,0,35.9
67.56284682,398.4756155,-3.129357399,0,36
67.46285431,398.474392,-3.129357399,0,36.1
67.36286179,398.4731685,-3.129357399,0,36.2
67.26286927,398.471945,-3.129357399,0,36.3
67.16287676,398.4707215,-3.129357399,0,36.4
67.06288424,398.469498,-3.129357399,0,36.5
66.96289173,398.4682745,-3.129357399,0,36.6
66.86289921,398.467051,-3.129357399,0,36.7
66.7629067,398.4658275,-3.129357399,0,36.8
66.66291418,398.464604,-3.129357399,0,36.9
66.56292167,398.4633805,-3.129357399,0,37
66.46292915,398.462157,-3.129357399,0,37.1
66.36293664,398.4609335,-3.129357399,0,37.2
66.26294412,398.45971,-3.129357399,0,37.3
66.16295161,398.4584866,-3.129357399,0,37.4
66.06295909,398.4572631,-3.129357399,0,37.5
65.96296658,398.4560396,-3.129357399,0,37.6
65.86297406,398.4548161,-3.129357399,0,37.7
65.76298155,398.4535926,-3.129357399,0,37.8
65.66298903,398.4523691,-3.129357399,0,37.9
65.56299652,398.4511456,-3.129357399,0,38
65.463004,398.4499221,-3.129357399,0,38.1
65.463004,398.4499221,-3.129357399,0,38.1